id,Prenom,Nom,Email,Sexe,Voiture,Ville,Couleur,Langue,Age
1,Broddie,Dovinson,bdovinson0@wikimedia.org,Male,Volvo,Phú Túc,,Filipino,75
2,Marnie,Diddams,mdiddams1@1688.com,Female,Cadillac,Outlook,,Romanian,35
3,Jose,Ricketts,jricketts2@icio.us,Male,Ford,Kruty,Blue,Arabic,76
4,Devlin,Ary,dary3@eventbrite.com,Male,Chevrolet,Xitou,Fuscia,Macedonian,44
5,Hayyim,Isworth,hisworth4@ihg.com,Male,Hyundai,São Gonçalo do Amarante,Green,Lithuanian,69
6,Wolfie,Melior,wmelior5@ebay.com,Male,GMC,Trilj,,Indonesian,74
7,Maxim,Cossans,,Agender,,Fengshuling,Goldenrod,,
8,Godfrey,Coventon,,Male,,Montinho,Pink,,
9,Billy,Chesterfield,bchesterfield8@twitpic.com,Male,Chevrolet,Monastyryshche,,Indonesian,27
10,Edgardo,Curtoys,ecurtoys9@unesco.org,Male,Chevrolet,Xinchengpu,,Kannada,75
11,Debor,Chesterton,dchestertona@meetup.com,Female,Maserati,Swinford,,Lithuanian,98
12,Nolana,Sewell,nsewellb@csmonitor.com,Female,Pontiac,Xitieshan,,French,29
13,Irita,Alvar,ialvarc@etsy.com,Female,,Cendagah,Fuscia,,
14,Natale,Lydall,,Male,,Tierra Blanca,Crimson,,
15,Egan,MacCall,emaccalle@scribd.com,Male,Acura,El Banco,Aquamarine,Estonian,49
16,Chaddie,Jatczak,cjatczakf@google.cn,Male,GMC,Mijiang,Purple,Gujarati,21
17,Clary,Cleeve,ccleeveg@mapquest.com,Female,Ford,Merefa,,Fijian,48
18,Hurlee,Paulet,hpauleth@blogspot.com,Male,,Abengourou,Turquoise,,
19,Diahann,Mackison,dmackisoni@eepurl.com,Female,,Harrisburg,,,
20,Cynthy,Kaysor,ckaysorj@intel.com,Female,Cadillac,Nong Bun Nak,,Swahili,77
21,Rupert,Holligan,rholligank@sohu.com,Genderqueer,,Lysá nad Labem,,,
22,Murial,Gensavage,mgensavagel@flavors.me,Female,Ford,Lopatinskiy,,Bengali,62
23,Jolene,Amphlett,jamphlettm@yahoo.co.jp,Bigender,Chevrolet,Buffalo,Violet,Kannada,83
24,Myles,Eyers,meyersn@vk.com,Male,,Pantenan,,,
25,Karita,Edmondson,kedmondsono@nytimes.com,Female,Pontiac,Radomin,,Georgian,20
26,Harry,Casetta,hcasettap@ameblo.jp,Male,Volkswagen,Decatur,,Afrikaans,97
27,Elbertina,Gilbank,egilbankq@so-net.ne.jp,Genderfluid,Mitsubishi,Lengor,,Tok Pisin,77
28,Brenda,Drieu,,Female,,Ribeira Grande,Yellow,,
29,Horst,Fillimore,hfillimores@amazon.co.jp,Male,GMC,Trinity,,Aymara,30
30,Junie,Winch,,Female,Plymouth,Chapultepec,,Czech,43
31,Adolphus,Berends,,Male,Acura,Skurup,Orange,Malayalam,100
32,Izzy,Killimister,ikillimisterv@chronoengine.com,Male,,Kebon,Orange,,
33,Berty,Andell,,Female,Hyundai,Tulle,,Kazakh,20
34,Holly,Rosenberger,hrosenbergerx@lulu.com,Male,,Jorowaru Daya,Indigo,,
35,Raye,Weaving,,Female,GMC,Antioquia,Blue,Thai,60
36,Conrad,Pobjoy,cpobjoyz@nsw.gov.au,Male,Mazda,Oesena,Red,Dari,21
37,Sandy,Warne,swarne10@usatoday.com,Female,Ford,Iłowo -Osada,Green,Marathi,51
38,Madlen,Mansell,,Bigender,Toyota,Sindangkopo,,Amharic,42
39,Sasha,McNeil,,Non-binary,Chevrolet,Chimanimani,Puce,English,75
40,Albert,Heath,aheath13@g.co,Male,,Zhitang,Turquoise,,
41,Adorne,Peplaw,apeplaw14@springer.com,Female,,Ventanas,Purple,,
42,Kipp,Dubose,kdubose15@csmonitor.com,Male,Volkswagen,Jedlina-Zdrój,Green,Malagasy,62
43,Zandra,Desborough,zdesborough16@soundcloud.com,Female,,Weiyanggong,Violet,,
44,Billy,Suttill,bsuttill17@w3.org,Male,Mazda,Pugeran,Orange,Kashmiri,70
45,Nonie,Melrose,nmelrose18@wsj.com,Female,,Barão de Melgaço,Yellow,,
46,Inga,Murison,imurison19@hp.com,Female,,Nūrābād,Purple,,
47,Barret,Spraggs,,Male,BMW,Chajarí,Fuscia,Assamese,93
48,Octavius,Hardiman,ohardiman1b@360.cn,Male,Porsche,Papelón,Violet,Punjabi,81
49,Joey,Arrowsmith,jarrowsmith1c@scientificamerican.com,Female,Holden,Ledeč nad Sázavou,Violet,Georgian,71
50,Morly,Arber,marber1d@about.me,Male,Buick,Dobra,Indigo,Tsonga,21
51,Tybie,Davidge,tdavidge1e@netvibes.com,Female,Land Rover,Badrah,,Hindi,74
52,Sebastiano,Janecek,sjanecek1f@china.com.cn,Male,,Poste de Flacq,Red,,
53,Brit,McConachie,bmcconachie1g@webmd.com,Male,GMC,Ḏânan,,Fijian,21
54,Sydney,Salzburger,ssalzburger1h@squidoo.com,Male,Pontiac,Santo Domingo Este,,Catalan,43
55,Sybila,Spickett,sspickett1i@google.cn,Female,,Kamienna Góra,Green,,
56,Adria,Duckitt,,Female,,Binubusan,Pink,,
57,Barri,Gleeton,bgleeton1k@godaddy.com,Male,Ford,Santo Domingo,,Haitian Creole,92
58,Roze,Dumsday,rdumsday1l@bloglovin.com,Female,Mercedes-Benz,Shangmofang,Goldenrod,Assamese,76
59,Mordecai,Toderi,mtoderi1m@mozilla.org,Male,,Tiko,Turquoise,,
60,Robby,Doodson,rdoodson1n@altervista.org,Female,Dodge,Guangshan,Yellow,Haitian Creole,59
61,Jozef,Banstead,jbanstead1o@altervista.org,Polygender,,Cruz Alta,Violet,,
62,Olive,Fricke,ofricke1p@google.de,Non-binary,,Columbia,Fuscia,,
63,Antin,Housbey,ahousbey1q@statcounter.com,Male,,København,,,
64,Farly,Semkins,fsemkins1r@arizona.edu,Male,,Betim,Mauv,,
65,Carie,Gamblin,cgamblin1s@tiny.cc,Female,,Huandiqiao,,,
66,Rachelle,Chaffey,rchaffey1t@photobucket.com,Female,,Jatake,Green,,
67,Felicio,Extil,fextil1u@flavors.me,Polygender,Mercedes-Benz,Manjacaze,Pink,Malayalam,96
68,Yale,Nash,ynash1v@flavors.me,Male,,Shāhzādpur,Green,,
69,Gerry,Croasdale,,Female,,Nunchía,Goldenrod,,
70,Bartolomeo,Lauchlan,blauchlan1x@e-recht24.de,Male,Cadillac,Xinglongchang,,Swahili,95
71,Mateo,Meechan,mmeechan1y@phoca.cz,Male,Ford,Tupaciguara,,Croatian,88
72,Erinn,Pauel,,Female,Plymouth,Nakasongola,Turquoise,Marathi,96
73,Julio,Batchelar,jbatchelar20@tiny.cc,Male,,Gaoqiao,Mauv,,
74,Domingo,Grimsditch,,Male,,Dake,,,
75,Jelene,Andreucci,jandreucci22@senate.gov,Genderqueer,Kia,Patrocínio,,Hungarian,81
76,Archambault,Bakhrushin,abakhrushin23@gmpg.org,Polygender,Dodge,Ponyri Vtoryye,,Bislama,44
77,Burch,Bretton,bbretton24@theguardian.com,Male,,Esuk Oron,Aquamarine,,
78,Nefen,Buddington,nbuddington25@harvard.edu,Male,Mercedes-Benz,Distracción,Pink,Georgian,45
79,Meredeth,Cauldfield,mcauldfield26@bloglovin.com,Male,Infiniti,Krasnyy Profintern,Maroon,Khmer,91
80,Shaine,Allon,sallon27@nbcnews.com,Female,Volkswagen,Nagbacalan,Purple,Portuguese,58
81,Roxy,Boshere,rboshere28@ftc.gov,Female,Land Rover,Shah Alam,Crimson,Amharic,19
82,Isadora,O'Cassidy,,Genderqueer,,Kalianda,,,
83,Maribeth,Winwood,mwinwood2a@vinaora.com,Female,Kia,Tarbes,,Tetum,80
84,Jilly,Chatters,jchatters2b@storify.com,Female,,Burgau,Turquoise,,
85,Parke,Sirmon,psirmon2c@craigslist.org,Male,Aston Martin,Newton,Fuscia,Malayalam,68
86,Torey,Scrowton,,Male,Plymouth,Gadingrejo,,Hindi,79
87,Mikey,Bertelmot,mbertelmot2e@wisc.edu,Male,,Miragaia,,,
88,Deloria,Walesa,dwalesa2f@last.fm,Female,BMW,Ta`ū,Puce,Dzongkha,76
89,Kipp,Talby,ktalby2g@nifty.com,Male,Oldsmobile,Torez,Khaki,Filipino,81
90,Caryn,Klousner,cklousner2h@jiathis.com,Female,Honda,Jincheng,,Thai,30
91,Vania,Saben,vsaben2i@is.gd,Female,Mazda,Sabaneta,Mauv,Punjabi,18
92,Umberto,Lindenberg,,Genderqueer,,Shiree,,,
93,Gale,Cops,gcops2k@bing.com,Male,,Pañgobilian,,,
94,Lisle,Lipmann,llipmann2l@angelfire.com,Male,,Corralillo,Green,,
95,Janelle,Girton,jgirton2m@google.com,Female,,Stare Pole,,,
96,Theressa,Janjic,tjanjic2n@un.org,Female,Chevrolet,Mesa,Indigo,Hebrew,94
97,Nertie,Curran,ncurran2o@fotki.com,Bigender,Bentley,Chengjiao,Green,Bengali,35
98,Way,Wass,wwass2p@issuu.com,Male,Hummer,Boulder,Mauv,Yiddish,61
99,Toinette,Linklater,,Female,Ford,Oslo,Blue,Somali,66
100,Quentin,Walsh,qwalsh2r@uiuc.edu,Male,,Leigao,,,
101,Ray,Whitsey,rwhitsey2s@theguardian.com,Male,Dodge,Göteborg,,Tajik,46
102,Stephenie,Drysdell,sdrysdell2t@java.com,Female,Acura,"Palmas De Gran Canaria, Las",,Tetum,49
103,Rafe,Gruszecki,rgruszecki2u@google.ca,Male,Land Rover,Huangge,Green,Moldovan,94
104,Lin,Aucott,laucott2v@merriam-webster.com,Female,,Nuasepu,,,
105,Patti,Danilovitch,pdanilovitch2w@spiegel.de,Female,,Nzega,Fuscia,,
106,Hugues,Minot,hminot2x@creativecommons.org,Male,Volkswagen,Roma,Violet,Finnish,34
107,Dyan,Tomasoni,,Female,Volvo,El Mirador,Purple,Armenian,88
108,Ulises,Alsop,,Male,Plymouth,Catarman,Mauv,Hebrew,74
109,Kynthia,O'Cooney,,Female,,Yorosso,,,
110,Cleavland,Blunsum,,Male,,Saint-Étienne,Aquamarine,,
111,Samson,Hambleton,shambleton32@usatoday.com,Bigender,Dodge,Cerklje na Gorenjskem,Pink,Azeri,83
112,Ty,Epilet,tepilet33@4shared.com,Male,,Guanaja,Red,,
113,Gilda,Rosen,grosen34@gov.uk,Female,,Campoverde,Orange,,
114,Price,Westmerland,pwestmerland35@instagram.com,Male,Hummer,Strängnäs,,Armenian,71
115,Hadlee,Gilpillan,hgilpillan36@discovery.com,Male,Infiniti,Mingshui,Red,Nepali,61
116,Tannie,Kidsley,tkidsley37@nymag.com,Male,Toyota,Poykovskiy,,Gagauz,53
117,Hilliard,Camacke,hcamacke38@google.co.jp,Male,Chevrolet,Chernomorskiy,Mauv,Latvian,57
118,Aguistin,McIlwraith,,Male,Isuzu,Wujiao,Puce,Khmer,75
119,Edgardo,Kienlein,ekienlein3a@clickbank.net,Male,,Sergiyev Posad,,,
120,Gwenore,Hadny,,Female,Ford,Vigo,Red,Fijian,96
121,Wrennie,Gibbeson,wgibbeson3c@bbb.org,Female,,Serov,Purple,,
122,Brynna,Bonett,bbonett3d@blinklist.com,Female,Chevrolet,Bumirejo,,Kurdish,46
123,Margo,Melia,mmelia3e@noaa.gov,Female,,Tubo,,,
124,Loralie,MacGowing,lmacgowing3f@phpbb.com,Female,Ford,Velykoploske,Khaki,Indonesian,54
125,Bette-ann,Bisacre,bbisacre3g@plala.or.jp,Female,,Skeldon,Turquoise,,
126,Heinrik,Syalvester,hsyalvester3h@weebly.com,Male,Dodge,Noşratābād,Aquamarine,Oriya,85
127,Aurelea,Thackeray,athackeray3i@devhub.com,Female,Jeep,Zhenwen,Fuscia,Arabic,77
128,Franklyn,Bonnette,fbonnette3j@zimbio.com,Male,Mazda,Bazar-Korgon,Indigo,Malayalam,29
129,Dacy,Stollenberg,dstollenberg3k@wix.com,Female,Jaguar,Krasnyy Gulyay,Goldenrod,Aymara,63
130,Arty,Dobrowolny,,Male,,Mesopotam,Teal,,
131,Monti,Terlinden,,Male,,La Palma,Khaki,,
132,Brodie,Nussey,bnussey3n@berkeley.edu,Male,Mercedes-Benz,Łapanów,,Malagasy,56
133,Harbert,Yeo,hyeo3o@xing.com,Male,Toyota,Trzebiatów,Mauv,Bengali,19
134,Adora,Keson,akeson3p@t-online.de,Female,,Grojec,Red,,
135,Meyer,Levey,mlevey3q@twitter.com,Genderfluid,,Mosrentgen,Orange,,
136,Wilhelmina,Rollings,wrollings3r@umich.edu,Female,,Shaxi,Red,,
137,Iris,Ewen,iewen3s@huffingtonpost.com,Female,,Al Minyā,,,
138,Jolyn,Cockhill,,Polygender,,Néa Mákri,,,
139,Tirrell,Duigan,tduigan3u@privacy.gov.au,Male,Dodge,Tetyushi,Orange,Māori,33
140,Ginnifer,Restill,grestill3v@china.com.cn,Female,Hyundai,Sokołów Podlaski,Red,Somali,45
141,Fernando,Abercrombie,,Male,Chevrolet,Östhammar,Orange,Danish,57
142,Mickie,Gilhouley,mgilhouley3x@whitehouse.gov,Male,Ford,Niihama,Turquoise,Kyrgyz,72
143,Case,Banthorpe,cbanthorpe3y@bizjournals.com,Male,Mercury,Huangtian,Fuscia,Dzongkha,97
144,Husein,Kacheler,hkacheler3z@ebay.com,Male,,Cibingbin,Indigo,,
145,Alair,Bartoshevich,abartoshevich40@umich.edu,Genderqueer,Mercedes-Benz,Kłomnice,Red,Maltese,89
146,Bridgette,Briers,bbriers41@tamu.edu,Female,,Kuantan,Fuscia,,
147,Debor,Reveley,dreveley42@shop-pro.jp,Agender,Nissan,Zhuhu,,Tok Pisin,56
148,Worth,Giacubbo,wgiacubbo43@usnews.com,Male,,Washington,Teal,,
149,Corette,Arden,carden44@imageshack.us,Female,,Cerro,,,
150,Mercedes,Offner,moffner45@amazon.co.jp,Female,Ferrari,Pangnirtung,Yellow,Luxembourgish,57
151,Crystie,Hawler,,Genderqueer,,Mbaïki,Violet,,
152,Harlin,Maylam,hmaylam47@soup.io,Male,,San Juan,Mauv,,
153,Cindi,Diego,cdiego48@phoca.cz,Female,Volkswagen,Huadi,Green,Dutch,22
154,Toni,Adamski,tadamski49@nps.gov,Female,Lincoln,Al Azraq ash Shamālī,Puce,Polish,69
155,Amalee,Vermer,avermer4a@reference.com,Female,,Cisompet,Orange,,
156,Mickey,Caldecourt,mcaldecourt4b@opensource.org,Male,Nissan,Orléans,Goldenrod,Persian,90
157,Vern,Goadbie,vgoadbie4c@wikimedia.org,Male,Subaru,Bābol,Puce,Swati,29
158,Levin,Sidary,,Male,Aptera,Kokshetau,Puce,Maltese,27
159,Hailey,Gebhard,hgebhard4e@intel.com,Male,,Eybens,Yellow,,
160,Lowe,Fetters,,Male,Volkswagen,Sigou,Crimson,Somali,88
161,Alberik,Dimsdale,adimsdale4g@fda.gov,Male,,Rennes,Maroon,,
162,Merry,Leuren,mleuren4h@e-recht24.de,Genderfluid,,Zhangaqorghan,Fuscia,,
163,Matthias,Oxbe,moxbe4i@facebook.com,Agender,Chevrolet,Årsta,Green,Marathi,98
164,Gustaf,Meharry,gmeharry4j@google.co.jp,Male,Lexus,Krajan Menggare,Teal,Danish,40
165,Nickola,O'Regan,noregan4k@diigo.com,Male,BMW,Ciherang,Purple,Guaraní,27
166,Patrizius,MacWhirter,pmacwhirter4l@printfriendly.com,Male,Honda,Załuski,,Haitian Creole,39
167,Wilma,Deluze,wdeluze4m@smugmug.com,Female,Subaru,Taldykorgan,Green,Korean,36
168,Katalin,Slewcock,kslewcock4n@devhub.com,Female,Volkswagen,Chirpan,Pink,Greek,56
169,Cilka,Drennan,cdrennan4o@1und1.de,Female,Jeep,Tunguang,Red,Belarusian,86
170,Baudoin,Walkinshaw,bwalkinshaw4p@simplemachines.org,Agender,,Amuñgan,Blue,,
171,Berton,Cinelli,bcinelli4q@dedecms.com,Male,Infiniti,Malim,Aquamarine,Arabic,49
172,Raye,Felgate,rfelgate4r@unicef.org,Female,Jaguar,Masoyila,Crimson,Swahili,81
173,Billie,Horley,bhorley4s@zimbio.com,Male,Chevrolet,Fenglin,Yellow,Luxembourgish,92
174,Dirk,Hansmann,dhansmann4t@hao123.com,Male,,Télimélé,Orange,,
175,Horst,Colleck,,Male,Chevrolet,Boca Suno,Khaki,Japanese,78
176,Dalton,Waymont,dwaymont4v@youtube.com,Male,Mercedes-Benz,Hägersten,Red,Estonian,96
177,Darcy,Handley,dhandley4w@mysql.com,Male,,Llauta,,,
178,Aile,Leonida,aleonida4x@php.net,Female,Lexus,Bangui,Purple,Zulu,92
179,Vally,Leeburn,vleeburn4y@sfgate.com,Genderqueer,Mercury,Bria,Crimson,Bosnian,88
180,Corabella,Kemster,ckemster4z@oracle.com,Female,,Leubatang,Violet,,
181,Regina,Bickerdike,rbickerdike50@scientificamerican.com,Female,Lotus,Neringa,Orange,Belarusian,62
182,Derward,Brithman,dbrithman51@tinyurl.com,Male,,Guazhou,Goldenrod,,
183,Jordan,Chataignier,jchataignier52@wix.com,Male,,As Sūsah,Red,,
184,Felipe,Broady,fbroady53@usatoday.com,Male,,Novo Hamburgo,Aquamarine,,
185,Auguste,Leagas,aleagas54@about.me,Female,,Bogdanovich,Maroon,,
186,Ingelbert,Nesby,inesby55@aol.com,Male,Mercedes-Benz,Senj,,Latvian,67
187,Abby,Emsden,,Female,,Pandan,Orange,,
188,Hailee,Gartsyde,hgartsyde57@psu.edu,Female,Mercedes-Benz,La Paz de Oriente,Violet,Czech,33
189,Gordon,Della Scala,gdellascala58@discovery.com,Male,,Machikou,Indigo,,
190,Rourke,Franchioni,rfranchioni59@shutterfly.com,Male,Isuzu,San Jose,Teal,Hungarian,42
191,Shawna,Bloxham,,Female,Chevrolet,Tasikona,Puce,Haitian Creole,75
192,Zechariah,Pear,zpear5b@zdnet.com,Bigender,Ford,Şabāḩ as Sālim,,Norwegian,23
193,Alic,Pinhorn,apinhorn5c@usgs.gov,Male,Toyota,Gunungkendeng,Purple,Croatian,49
194,Patin,Hobson,phobson5d@dailymail.co.uk,Male,Chevrolet,Tríkala,Green,French,19
195,Christin,Marns,,Female,,Kushk,Aquamarine,,
196,Nichole,Pummell,npummell5f@hexun.com,Male,Buick,Sendangagung,Red,Dhivehi,90
197,Haslett,Adolfson,hadolfson5g@reference.com,Male,Ford,Los Boquerones,,Finnish,82
198,Jordon,Geany,jgeany5h@yellowpages.com,Male,Pontiac,Kuybyshevo,Maroon,German,79
199,Em,McNirlan,,Male,,Pagaruša,Yellow,,
200,Afton,MacGinney,amacginney5j@cnet.com,Genderfluid,Mercedes-Benz,Newark,,Macedonian,52
201,Jessey,Betser,jbetser5k@trellian.com,Male,Lotus,Kaiama,Fuscia,Khmer,69
202,Karen,Blaxeland,kblaxeland5l@twitter.com,Female,Ram,Dasht-e Lati,Turquoise,Hungarian,73
203,Stern,Boardman,sboardman5m@globo.com,Male,Chevrolet,Ughelli,Goldenrod,Bulgarian,20
204,Birk,Pankethman,bpankethman5n@tamu.edu,Male,Oldsmobile,Zhangye,Khaki,Punjabi,30
205,Barrie,Seamer,bseamer5o@pinterest.com,Genderfluid,Mercury,Mashan,Turquoise,Kyrgyz,64
206,Wallache,Quinney,wquinney5p@archive.org,Bigender,Volvo,Saint John,,Italian,49
207,Perrine,Cunnane,pcunnane5q@lycos.com,Female,,Shilipu,Fuscia,,
208,Trip,McQuilliam,tmcquilliam5r@people.com.cn,Male,Oldsmobile,Leeuwarden,Orange,Bislama,36
209,Karon,Perrone,kperrone5s@mlb.com,Female,Kia,Radenković,Yellow,Tajik,47
210,Karlens,Feechan,kfeechan5t@blogtalkradio.com,Male,Isuzu,Troparëvo,,Latvian,55
211,Fanchette,Clail,fclail5u@mayoclinic.com,Female,,Wuku,,,
212,Rabi,Allsopp,rallsopp5v@netlog.com,Male,,Villanueva,Fuscia,,
213,Gwenni,Gashion,ggashion5w@businessinsider.com,Female,Ford,Rada Tilly,Crimson,Korean,88
214,Heddi,Jenk,hjenk5x@ucsd.edu,Female,Volkswagen,Krajan Sale,,Czech,83
215,Cyndy,Doveston,cdoveston5y@t-online.de,Female,,Yaosai,Fuscia,,
216,Gaylene,McPolin,gmcpolin5z@etsy.com,Bigender,,Ush-Tyube,Pink,,
217,Burke,Cabera,bcabera60@yellowpages.com,Male,,Tuanfeng,,,
218,Carmel,Balsillie,,Female,Chevrolet,Las Terrenas,Khaki,Afrikaans,88
219,Kendell,Stocker,kstocker62@clickbank.net,Male,,Hägersten,Puce,,
220,Fran,Shelbourne,fshelbourne63@paypal.com,Female,Mercedes-Benz,Tufang,Violet,Filipino,39
221,Tabbie,Gudd,tgudd64@adobe.com,Female,Audi,Rosaspata,Fuscia,Oriya,42
222,Cameron,Klimkin,cklimkin65@answers.com,Male,,La Virginia,Green,,
223,Neale,Pobjay,npobjay66@gizmodo.com,Male,Honda,Awarawar,Violet,Telugu,83
224,Beau,Freathy,bfreathy67@google.it,Male,Chevrolet,Carumas,Pink,German,70
225,Bear,Conwell,bconwell68@plala.or.jp,Male,Toyota,Shewopo,Goldenrod,Bulgarian,32
226,Camile,Skilton,cskilton69@shinystat.com,Female,Pontiac,Sopron,Teal,Ndebele,47
227,Cherye,Chaise,cchaise6a@tripod.com,Female,Toyota,Kovači,,Marathi,58
228,Joline,Carreck,jcarreck6b@shutterfly.com,Female,Honda,Jingchuan Chengguanzhen,Indigo,Swahili,84
229,Harris,Beckett,hbeckett6c@wufoo.com,Male,Buick,Niushou,,Pashto,34
230,Abe,Bulger,abulger6d@google.fr,Male,,Beauceville,Blue,,
231,Ikey,Emloch,iemloch6e@dagondesign.com,Male,Pontiac,Bilicenii Vechi,Aquamarine,Northern Sotho,99
232,Neila,Beckson,,Female,Hyundai,Qagan Obo,,Korean,53
233,Domingo,Attenbrow,dattenbrow6g@mysql.com,Male,,Snegiri,,,
234,Jarred,Byllam,jbyllam6h@linkedin.com,Male,,Sungai Nyamuk,Blue,,
235,Jacqueline,Panchen,jpanchen6i@google.fr,Bigender,,Cocieri,Violet,,
236,Reuven,Gohier,,Male,Infiniti,New York City,Purple,Sotho,42
237,Camellia,Kirlin,ckirlin6k@mail.ru,Female,,Khulna,Orange,,
238,Rubetta,Yakovliv,,Female,Volkswagen,Kaoshan,Fuscia,Finnish,23
239,Emmalyn,Stuart,estuart6m@1688.com,Female,,Faro,Aquamarine,,
240,Corena,Teaser,cteaser6n@blogger.com,Female,Toyota,Rudnyy,,Arabic,57
241,Petronilla,Snoad,psnoad6o@networkadvertising.org,Female,,Tangjin,Maroon,,
242,Ingra,Packham,ipackham6p@macromedia.com,Male,Dodge,Changjiang,Goldenrod,Dari,79
243,Stanislaw,Ballard,,Male,,Weiyanggong,Purple,,
244,Randall,Vedntyev,rvedntyev6r@chicagotribune.com,Male,,Huaquillas,Goldenrod,,
245,Joyous,Krier,jkrier6s@un.org,Female,Mazda,Phuthaditjhaba,Goldenrod,Azeri,26
246,Yankee,Helm,,Male,Mazda,Huzhen,Mauv,Aymara,69
247,Germain,See,gsee6u@usda.gov,Male,Suzuki,Puerto Esperanza,,Lithuanian,81
248,Bobbye,McCague,,Female,Chevrolet,Aku,Aquamarine,Greek,81
249,Hubey,Houldcroft,hhouldcroft6w@cyberchimps.com,Male,Pontiac,Bibiani,,Filipino,80
250,Wandie,Addie,waddie6x@pen.io,Female,BMW,Jatiklampok,,Bislama,55
251,Chance,Gerred,cgerred6y@economist.com,Male,Subaru,Havana,Teal,Zulu,19
252,Ora,Valder,ovalder6z@harvard.edu,Female,Chevrolet,Jinhe,Maroon,Malayalam,29
253,Gilbertine,Ashpole,,Female,Chevrolet,Baguinge,Purple,Pashto,45
254,Bren,Stearns,bstearns71@nymag.com,Female,Chrysler,Nam Som,Yellow,Telugu,78
255,Northrup,Loges,,Male,Mercedes-Benz,Zhaocun,Crimson,Hungarian,36
256,Glenn,Skim,gskim73@google.com.br,Female,Dodge,Divinópolis,Crimson,Albanian,69
257,Tyrone,Stockoe,,Male,,Neringa,Khaki,,
258,Margit,Jeffcoate,mjeffcoate75@timesonline.co.uk,Female,Nissan,Lugulu,Mauv,Belarusian,76
259,Ringo,Shearmur,,Male,Toyota,As Suwaydā,Mauv,Māori,42
260,Hedvige,Hadye,hhadye77@thetimes.co.uk,Female,,Bous,Mauv,,
261,Rufe,Moulin,rmoulin78@shutterfly.com,Non-binary,,Naagas,,,
262,Yevette,Mallard,ymallard79@typepad.com,Female,Chevrolet,Bosen,Puce,English,97
263,Sophie,Dallin,,Female,Jeep,Abakaliki,,Thai,56
264,Basia,McRinn,,Female,,Cruz del Eje,Indigo,,
265,Harriot,Rosencrantz,,Female,Land Rover,Hake,Puce,Dzongkha,83
266,Raffaello,Moscon,rmoscon7d@ucsd.edu,Male,,Farroupilha,,,
267,Karim,Facher,kfacher7e@shareasale.com,Male,Porsche,Leigu,Indigo,Malagasy,92
268,Ronny,McCard,rmccard7f@wix.com,Non-binary,,Cleveland,Crimson,,
269,Cyril,Middler,,Male,,Göteborg,Violet,,
270,Pincus,MacRorie,pmacrorie7h@tamu.edu,Male,Acura,Santiago Nonualco,Green,Danish,100
271,Yalonda,Oldland,yoldland7i@studiopress.com,Female,,Uchaly,,,
272,Gabriela,Piddington,,Female,,Mandala,Green,,
273,Shandy,Raund,sraund7k@imdb.com,Female,Audi,Quangang,Crimson,Korean,75
274,Barron,Filippo,bfilippo7l@mapy.cz,Male,,Longjie,Yellow,,
275,Emmit,Astlett,eastlett7m@eventbrite.com,Male,Acura,Ordzhonikidzevskaya,Mauv,Estonian,87
276,Jaye,Pheby,jpheby7n@acquirethisname.com,Male,Buick,Jiangbei,,Hungarian,19
277,Cecilia,Trayte,,Female,Volkswagen,Ágios Pétros,Pink,Khmer,43
278,Yehudi,Turford,yturford7p@statcounter.com,Male,Buick,Sande São Martinho,Khaki,Filipino,29
279,Ottilie,Dows,odows7q@youku.com,Female,,Nizhniy Lomov,Green,,
280,Linc,Ducarne,lducarne7r@harvard.edu,Male,Honda,Cigeulis,Blue,Albanian,86
281,Boyce,Manthroppe,,Male,Chrysler,Savyon,Green,Hiri Motu,92
282,Leigha,Fourmy,lfourmy7t@vkontakte.ru,Female,,Zeewolde,Blue,,
283,Sol,Badini,sbadini7u@storify.com,Bigender,GMC,Zhirnovsk,,Malay,88
284,Finn,Kuschel,fkuschel7v@redcross.org,Male,Nissan,Melville,Crimson,Luxembourgish,30
285,Ev,Pischof,,Male,,Wuli,,,
286,Teddie,Stilling,tstilling7x@patch.com,Female,Subaru,Yengiawat,Mauv,Icelandic,18
287,Leigh,Cufley,lcufley7y@nytimes.com,Male,Isuzu,Deranitan,Crimson,Tok Pisin,71
288,Alberik,Haddy,ahaddy7z@nationalgeographic.com,Male,,Ágios Efstrátios,Crimson,,
289,Herta,McTrustram,hmctrustram80@timesonline.co.uk,Female,Land Rover,Olympia,Orange,Marathi,100
290,Staffard,Downing,,Male,Volvo,Glan,Goldenrod,Thai,67
291,Venita,Gully,vgully82@usa.gov,Female,GMC,Tiebiancheng,,Bengali,71
292,Kerrill,Crispe,kcrispe83@woothemes.com,Female,,Huayan,Indigo,,
293,Kellen,Kears,kkears84@who.int,Male,,Trpinja,Yellow,,
294,Horten,Robertacci,hrobertacci85@wsj.com,Male,Dodge,Tarub,Maroon,Thai,76
295,Milo,Libbe,mlibbe86@xinhuanet.com,Male,Suzuki,Paris 09,,Italian,63
296,Cilka,Robiou,crobiou87@youku.com,Female,Mercedes-Benz,Gritsovskiy,Red,Afrikaans,23
297,Celie,Metzing,cmetzing88@people.com.cn,Female,,Tsévié,Red,,
298,Maxim,Gepp,mgepp89@sphinn.com,Male,Chevrolet,Ramain,Orange,Swati,38
299,Sue,Erni,serni8a@independent.co.uk,Polygender,Isuzu,El Gouna,Green,Italian,97
300,Eugen,Squirrell,esquirrell8b@opensource.org,Male,Mercury,Aconibe,Turquoise,Swahili,18
301,Davey,MacDonough,dmacdonough8c@mozilla.com,Male,Mazda,Hova,Blue,Czech,26
302,Fan,Moverley,fmoverley8d@paginegialle.it,Female,Daewoo,Göteborg,Purple,Filipino,55
303,Georas,Weekland,,Male,Maserati,Lourido,Aquamarine,Fijian,89
304,Ariana,Byatt,abyatt8f@theatlantic.com,Female,Lexus,Miramichi,Maroon,Moldovan,94
305,Zorah,Brennen,,Female,,Selenicë,Indigo,,
306,Basil,Larner,blarner8h@scribd.com,Male,Chevrolet,Ayapa,Green,Lithuanian,66
307,Minta,Antoniades,mantoniades8i@globo.com,Female,Toyota,Vidnoye,Goldenrod,Montenegrin,76
308,Von,Yanele,vyanele8j@pbs.org,Bigender,Mercedes-Benz,Chishtiān Mandi,Khaki,Lao,97
309,Florrie,Groger,fgroger8k@engadget.com,Female,Pontiac,Pulian,Fuscia,Montenegrin,30
310,Griz,Wooffinden,gwooffinden8l@cafepress.com,Male,,Yunlong,,,
311,Claudia,Fry,,Female,,Barrancas,Indigo,,
312,Neda,Paraman,nparaman8n@com.com,Female,Subaru,Dubai,,Spanish,52
313,Augy,Drance,adrance8o@netscape.com,Male,,Raphoe,Red,,
314,Crissy,Patty,cpatty8p@mozilla.org,Female,Chevrolet,Annecy,Goldenrod,Hebrew,24
315,Kippy,Ephson,kephson8q@msn.com,Male,Dodge,Lukou,Green,Hebrew,37
316,Jeth,Purver,jpurver8r@canalblog.com,Male,Chevrolet,Hannover,Goldenrod,Norwegian,84
317,Orton,Dadds,,Male,,Kitob,Khaki,,
318,Jasmine,Vannacci,jvannacci8t@sphinn.com,Genderfluid,,Bystřany,Mauv,,
319,Oralle,Greenalf,ogreenalf8u@yelp.com,Female,,Agrelo,Violet,,
320,Selig,Haulkham,shaulkham8v@walmart.com,Male,Nissan,Hongchun,Maroon,Albanian,34
321,Heath,Brazel,hbrazel8w@drupal.org,Male,,Ariz,Crimson,,
322,Benjamin,Holehouse,,Male,Audi,Casal do Sapo,,Maltese,62
323,Ivory,Dutchburn,idutchburn8y@etsy.com,Female,Ford,Petrolina,Indigo,Polish,71
324,Curcio,Boater,,Male,GMC,Ribeirão das Neves,Indigo,Khmer,43
325,Sascha,Woloschinski,swoloschinski90@reddit.com,Male,,Rasskazovo,Violet,,
326,Christoph,Peinton,cpeinton91@newsvine.com,Male,,Sagrada Familia,Red,,
327,Riobard,Flicker,rflicker92@loc.gov,Male,Volkswagen,Xarsingma,,Norwegian,80
328,Tremain,Goggey,tgoggey93@youku.com,Male,Ford,Maldonado,,Malagasy,52
329,Erwin,Doulden,edoulden94@addtoany.com,Male,Audi,Abū Tīj,Orange,Tamil,39
330,Miquela,Vickarman,mvickarman95@w3.org,Female,,Gyodong,,,
331,Porty,Batalle,pbatalle96@narod.ru,Agender,,Baquero Norte,Goldenrod,,
332,Ninette,Tunnick,ntunnick97@printfriendly.com,Female,,Balinad,,,
333,Katleen,Loude,kloude98@wunderground.com,Female,Ford,Surami,Purple,Marathi,50
334,Sean,Nunson,snunson99@sakura.ne.jp,Male,,Xincheng,Yellow,,
335,Erica,Gasticke,egasticke9a@xing.com,Female,Lexus,Zebrzydowice,Pink,Dutch,98
336,Alphonse,Bohlje,abohlje9b@blogs.com,Male,,Al Quşayr,Teal,,
337,Amalee,Caldicott,acaldicott9c@telegraph.co.uk,Female,Chevrolet,Xinli,Yellow,Tok Pisin,41
338,Gerrilee,Tysall,gtysall9d@domainmarket.com,Genderqueer,Audi,Tena,Pink,Danish,36
339,Willem,Healings,whealings9e@github.com,Male,Mitsubishi,Lamas,Maroon,Hebrew,67
340,Monica,Weinham,mweinham9f@netscape.com,Female,,Agboville,,,
341,Mylo,Szimon,mszimon9g@comcast.net,Male,,Yaqian,Mauv,,
342,Nanette,Brilon,nbrilon9h@odnoklassniki.ru,Female,,Veltruby,,,
343,Axe,Laffan,,Male,Mercedes-Benz,Sjöbo,Purple,Lithuanian,43
344,Drusie,Pickervance,dpickervance9j@wikimedia.org,Female,Chrysler,Kromy,Maroon,Dari,74
345,Christyna,Torritti,ctorritti9k@barnesandnoble.com,Female,,Zadawa,Orange,,
346,Gerta,Oulet,goulet9l@furl.net,Female,Mazda,Calauan,Violet,Māori,87
347,Estrella,Asken,easken9m@discuz.net,Non-binary,BMW,Pocora,Teal,Māori,63
348,Jameson,Bewicke,,Male,GMC,Paccha,Blue,Italian,99
349,Mose,Plunket,mplunket9o@free.fr,Polygender,,Rotterdam postbusnummers,Orange,,
350,Cord,Speenden,cspeenden9p@eepurl.com,Male,GMC,Kalodzishchy,Goldenrod,Tajik,41
351,Willie,Fatharly,wfatharly9q@deviantart.com,Male,Lotus,Ituzaingó,Fuscia,Lithuanian,38
352,Skelly,Rough,srough9r@tripadvisor.com,Male,,Jinhai,Violet,,
353,Consolata,Hibling,,Polygender,Mazda,Silab,,Irish Gaelic,37
354,Tracey,Aizkovitch,,Male,Mazda,Payaman,,Lithuanian,64
355,Cissiee,Foskew,cfoskew9u@google.com.au,Female,Suzuki,Thompson,,Northern Sotho,92
356,Camilla,Greenan,,Bigender,,Rîbniţa,Mauv,,
357,Burk,Banbrook,bbanbrook9w@narod.ru,Male,,Prudentópolis,,,
358,Salaidh,Machon,smachon9x@hugedomains.com,Female,,Rostokino,,,
359,Dyanne,Skipp,,Female,,Paamiut,Violet,,
360,Chen,Pendell,cpendell9z@cdc.gov,Male,Dodge,Ilovlya,Pink,Mongolian,67
361,Cornelius,Spivey,,Genderqueer,,Acopampa,Mauv,,
362,Candide,Ancliff,cancliffa1@homestead.com,Female,Volkswagen,Loshnitsa,Violet,Estonian,58
363,Nadine,Capehorn,ncapehorna2@ucoz.ru,Female,,Tadmur,Blue,,
364,Dana,Chalfant,dchalfanta3@wisc.edu,Female,Acura,Los Pinos,Turquoise,Kashmiri,85
365,Vincenty,Verdey,,Male,,Ramón Castilla,Red,,
366,Chadd,Strothers,,Male,,Xingang,Maroon,,
367,Heddi,Cawson,hcawsona6@acquirethisname.com,Female,,Čejkovice,Orange,,
368,Kimball,Blinman,kblinmana7@studiopress.com,Male,,Karangarjo,Aquamarine,,
369,Robinetta,Friar,rfriara8@hibu.com,Genderfluid,Volkswagen,Tazemmourt,,Luxembourgish,27
370,Alexander,Standing,astandinga9@addthis.com,Male,MINI,Hŭkkyo-ri,Purple,Arabic,69
371,Damian,Dewick,ddewickaa@creativecommons.org,Male,,Pilot Butte,Purple,,
372,Emmalyn,Bricham,ebrichamab@1und1.de,Female,Nissan,La Guadalupe,,Portuguese,34
373,Euell,Coupar,ecouparac@rakuten.co.jp,Male,Honda,Fengshan,,Swedish,90
374,Stormie,Ferdinand,sferdinandad@seesaa.net,Female,,Żelazków,Khaki,,
375,Baily,Swanton,bswantonae@google.it,Male,,Roma,,,
376,Tilly,Reynault,treynaultaf@gov.uk,Female,Ferrari,Stockholm,Purple,Khmer,84
377,Ame,Ianittello,aianittelloag@sphinn.com,Female,Maserati,Bragança,Pink,Papiamento,61
378,Ruben,Hacard,rhacardah@apple.com,Male,Dodge,Al Tuḩaytā’,,Malagasy,52
379,Suzie,Pilgrim,,Female,Mercedes-Benz,Sovetskiy,,Dzongkha,36
380,Hobey,Dundendale,hdundendaleaj@dagondesign.com,Male,,Cerrillos,,,
381,Dianemarie,MacLeese,dmacleeseak@desdev.cn,Female,Mazda,Novominskaya,Green,Kyrgyz,51
382,Ambrosius,Wace,awaceal@toplist.cz,Male,Ford,Silihe,Goldenrod,Danish,62
383,Malina,MacNaughton,mmacnaughtonam@usatoday.com,Female,Mercedes-Benz,Maoshan,Fuscia,Swedish,35
384,Kaine,Janeway,kjanewayan@imgur.com,Male,,Pāshmūl,Khaki,,
385,Jeth,Barwis,jbarwisao@chicagotribune.com,Male,Mazda,Hengshanqiao,Violet,Latvian,70
386,Keir,Twinn,ktwinnap@tumblr.com,Male,,Ueno,Pink,,
387,Donica,Cliss,dclissaq@nps.gov,Female,Nissan,Soledad,Puce,Kazakh,40
388,Josie,Settle,,Female,Mitsubishi,Georgiyevka,Pink,Papiamento,66
389,Ashely,Howlin,ahowlinas@nymag.com,Female,Mercury,Ciechocin,Indigo,Filipino,68
390,Benni,Stiven,,Female,BMW,Reggada,Mauv,Quechua,72
391,Stu,Kail,skailau@prweb.com,Male,Cadillac,Santiago dos Velhos,,Swahili,99
392,Julio,Buer,jbuerav@abc.net.au,Male,Pontiac,Menzel Abderhaman,Mauv,Oriya,27
393,Konstantine,Longhurst,klonghurstaw@omniture.com,Male,Subaru,Vitim,,Amharic,40
394,Byrle,Lamers,blamersax@wp.com,Male,,Hitiaa,Turquoise,,
395,Gideon,Olenov,golenovay@walmart.com,Male,,Bragança,Yellow,,
396,Felice,Capun,fcapunaz@eepurl.com,Male,,Tampakan,Puce,,
397,Jarib,Burress,jburressb0@tuttocitta.it,Male,Mercedes-Benz,Ketawang,,Chinese,73
398,Dan,Wareham,,Male,Buick,Paradela,Red,Czech,24
399,Eran,Colbron,ecolbronb2@webmd.com,Female,,Erjiegou,Teal,,
400,Flo,Myers,fmyersb3@joomla.org,Female,Lexus,Taipei,Goldenrod,Tetum,85
401,Guthrie,Hannant,ghannantb4@nih.gov,Genderfluid,,Kerrobert,Aquamarine,,
402,Court,Borthram,,Male,Volvo,Jalgung,Green,Latvian,99
403,Aleksandr,Corradini,,Male,Toyota,Pruszcz,Puce,Hungarian,85
404,Horacio,Labba,hlabbab7@timesonline.co.uk,Male,Toyota,Kokstad,Fuscia,Papiamento,20
405,Brigitta,Drawmer,,Female,GMC,Singaparna,Pink,Kazakh,88
406,Stevie,Tams,stamsb9@cam.ac.uk,Male,Nissan,Alingsås,Turquoise,Malagasy,69
407,Gabriele,Dewerson,gdewersonba@merriam-webster.com,Agender,,Guohe,,,
408,Kary,Bittlestone,kbittlestonebb@ed.gov,Female,,Ghanzi,Fuscia,,
409,Delphine,Braycotton,dbraycottonbc@unc.edu,Female,Eagle,Changcun,Violet,Greek,89
410,Keary,Ballston,kballstonbd@sina.com.cn,Male,Volkswagen,Zhumadian,Fuscia,Tsonga,90
411,Claudina,Allsepp,callseppbe@msu.edu,Bigender,Maserati,Burgersfort,,Catalan,19
412,Bernetta,Cashen,bcashenbf@opera.com,Female,,Aeteke,,,
413,Guillemette,Melladew,gmelladewbg@yandex.ru,Female,,Mulan,Goldenrod,,
414,Karmen,Sidary,,Female,Toyota,Senglea,,New Zealand Sign Language,24
415,Hector,Heiner,hheinerbi@nifty.com,Genderqueer,,Gopaan,Crimson,,
416,Stanislaus,Toth,stothbj@moonfruit.com,Male,,Miaogou,Turquoise,,
417,Andie,Torns,,Genderqueer,Ford,Mohale’s Hoek,Khaki,Finnish,37
418,Garner,Southwell,gsouthwellbl@patch.com,Male,Suzuki,Sidoger Lebak,Red,Icelandic,97
419,Tedd,Patrie,tpatriebm@forbes.com,Male,,Lojejerkrajan,Puce,,
420,Cart,Beckensall,,Male,Hyundai,Erhe,Violet,Lithuanian,66
421,Web,Ambrosi,wambrosibo@goo.gl,Male,Aston Martin,Domont,Orange,Tetum,86
422,Rheba,Collomosse,rcollomossebp@tinypic.com,Female,,Pasolapida,Green,,
423,Prinz,Benardette,pbenardettebq@independent.co.uk,Genderqueer,,Manjing,Purple,,
424,Bernadette,Lody,blodybr@people.com.cn,Female,,Iwai,,,
425,Jess,Fransoni,jfransonibs@reddit.com,Female,Chevrolet,Gardēz,Fuscia,Hiri Motu,51
426,Orville,Carlesso,ocarlessobt@cornell.edu,Male,Buick,Hujia,Aquamarine,Malayalam,90
427,Randee,Owen,rowenbu@wikimedia.org,Female,,San Ramon,,,
428,Kev,Durker,,Male,Toyota,Punta del Este,Puce,Greek,48
429,Chic,Mousby,cmousbybw@yolasite.com,Male,Kia,San Jose del Monte,,Bulgarian,18
430,Nessi,Dusting,,Female,,Citalahab,Blue,,
431,Rabi,Leyton,rleytonby@qq.com,Male,Volkswagen,Le Mans,,Nepali,34
432,Papageno,Bromage,pbromagebz@ftc.gov,Male,GMC,Guanba,,Korean,50
433,Bord,Van der Velden,,Male,Honda,Jiuxian,Crimson,Māori,81
434,Karrie,Cayton,kcaytonc1@washingtonpost.com,Female,,Mizi,Goldenrod,,
435,Gwendolin,Ivantyev,givantyevc2@wikia.com,Female,,Yubilyeyny,,,
436,Shaylah,Eteen,seteenc3@craigslist.org,Female,,Tianhu,Crimson,,
437,Alain,MacNulty,amacnultyc4@pen.io,Male,,Bali,,,
438,Guthrie,Fisbburne,gfisbburnec5@deliciousdays.com,Non-binary,Hyundai,Zhaoqing,Pink,Arabic,64
439,Caesar,Clucas,cclucasc6@archive.org,Male,Mitsubishi,Żabieniec,Violet,Greek,47
440,Del,Lambdean,dlambdeanc7@edublogs.org,Male,Mazda,Akat Amnuai,,Bosnian,45
441,Evangelina,Bedburrow,ebedburrowc8@mediafire.com,Non-binary,,Casal de São João,,,
442,Corene,Whatman,cwhatmanc9@nsw.gov.au,Female,Volkswagen,Monte Branco,,Spanish,89
443,Corbie,Bayle,cbayleca@issuu.com,Male,Honda,Besuki Dua,Indigo,Bosnian,94
444,Decca,Favelle,dfavellecb@weather.com,Male,,Idritsa,Turquoise,,
445,Drake,Paling,,Male,Mercury,Aūa,Mauv,Romanian,83
446,Vinnie,Gaskal,vgaskalcd@cornell.edu,Polygender,Volkswagen,Tô Hạp,Orange,Romanian,65
447,Warren,Bosden,wbosdence@time.com,Male,,Divichibazar,Puce,,
448,Naoma,Sheer,nsheercf@paypal.com,Female,Volkswagen,Maracanã,Indigo,West Frisian,49
449,Giffard,O'Fihillie,gofihilliecg@soup.io,Male,Cadillac,La Garenne-Colombes,,Italian,46
450,Carie,Erington,ceringtonch@altervista.org,Female,Ford,Uppsala,Red,Tsonga,19
451,Val,Ferreira,vferreiraci@time.com,Genderqueer,GMC,Villa Serrano,,Quechua,30
452,Angie,Puvia,apuviacj@sfgate.com,Male,Mercury,Magangué,Puce,Marathi,86
453,Theodoric,Willmont,twillmontck@uol.com.br,Male,,Santa Marta,Goldenrod,,
454,Jobey,Roelvink,jroelvinkcl@paypal.com,Female,Buick,Sahnaiya,,Kannada,87
455,Johannes,Diggar,jdiggarcm@ucoz.com,Polygender,Volkswagen,Secang Barat,Teal,Punjabi,32
456,Zia,Saines,zsainescn@lulu.com,Female,GMC,Bahay Pare,Aquamarine,Czech,91
457,Walsh,Elix,welixco@omniture.com,Genderfluid,Mercury,Grand Rapids,Crimson,Swati,39
458,Babara,McVitty,bmcvittycp@last.fm,Female,Dodge,Hongyi,Orange,Croatian,73
459,Tallie,Sayers,,Male,,Lianxia,Maroon,,
460,Kaila,Lonergan,klonergancr@tripadvisor.com,Bigender,Mitsubishi,Głogówek,Yellow,Icelandic,59
461,Casie,Freake,cfreakecs@exblog.jp,Female,,San Vicente,,,
462,Patin,Mackrell,pmackrellct@blogspot.com,Male,Buick,Tabonoc,Goldenrod,Malagasy,60
463,Gauthier,Dobbison,gdobbisoncu@exblog.jp,Male,Ford,Taoyuan,Orange,Pashto,84
464,Brooke,Persse,bperssecv@ibm.com,Female,,Lāmerd,Khaki,,
465,Poul,McCrostie,,Male,,Reims,,,
466,Creight,Gwillim,,Male,,Tajur,Red,,
467,Trueman,Artindale,,Male,Dodge,Montréal-Est,,Amharic,53
468,Rachel,Mulberry,rmulberrycz@github.io,Female,Honda,Kushima,Violet,Guaraní,69
469,Dotty,Dymoke,ddymoked0@stanford.edu,Non-binary,BMW,Chrzanów,Aquamarine,Swahili,59
470,Eachelle,Clowser,eclowserd1@phpbb.com,Female,,Atlanta,Maroon,,
471,Marlin,Pavyer,mpavyerd2@parallels.com,Male,,Kaczory,Green,,
472,Cirstoforo,O' Mulderrig,comulderrigd3@cmu.edu,Male,Ford,Sukawening,,Tetum,90
473,Zsazsa,Clynter,zclynterd4@wikipedia.org,Female,Infiniti,Ouahigouya,Green,Montenegrin,31
474,Vladimir,Cribbins,vcribbinsd5@tripod.com,Male,,Santa Cruz del Sur,Teal,,
475,Calhoun,Deakins,cdeakinsd6@wp.com,Male,,Parral,,,
476,Munroe,Schurig,mschurigd7@weather.com,Male,,Qingminghe,Purple,,
477,Peadar,Hugo,,Non-binary,,Palama,Blue,,
478,Addie,Gilburt,,Male,Mazda,Göteborg,Khaki,Kazakh,61
479,Casi,Terran,cterranda@merriam-webster.com,Female,Ferrari,Bāsawul,Goldenrod,Tetum,51
480,Elyse,Gurg,egurgdb@amazon.co.uk,Female,,Nowe Miasto nad Pilicą,Teal,,
481,Valentin,Keesman,vkeesmandc@spiegel.de,Male,,Smolyan,Crimson,,
482,Errol,Kellaway,ekellawaydd@t.co,Male,Ford,Hammarö,Blue,Hiri Motu,70
483,Alie,Perview,aperviewde@yellowbook.com,Female,Pontiac,Eindhoven,Mauv,Afrikaans,82
484,Isabeau,Malsher,imalsherdf@rakuten.co.jp,Female,Toyota,Lubao,Orange,Swati,89
485,Janenna,Bygrave,,Female,Land Rover,Baoquan,,Kyrgyz,58
486,Andriette,Kenewell,,Bigender,,Laiwu,Khaki,,
487,Clementia,Shadfourth,cshadfourthdi@over-blog.com,Female,,Kragan,Aquamarine,,
488,Waylin,Streetfield,,Male,Ford,Huagu,,Bulgarian,79
489,Salvidor,Mooring,smooringdk@bloomberg.com,Male,Mercury,Jilili,Aquamarine,Greek,77
490,Kora,MacDearmaid,kmacdearmaiddl@linkedin.com,Female,,Yidao,Aquamarine,,
491,Latashia,Rollett,,Female,Ford,Orléans,Indigo,Aymara,38
492,Marcellina,Streetfield,mstreetfielddn@people.com.cn,Female,Suzuki,Heshui,Violet,Macedonian,72
493,Guy,Seale,gsealedo@diigo.com,Male,Ford,Netolice,Fuscia,Thai,28
494,Harold,Hayers,hhayersdp@diigo.com,Male,Pontiac,Bella Vista,Indigo,Romanian,89
495,Yuri,Taggett,ytaggettdq@cornell.edu,Male,Volkswagen,København,Teal,Montenegrin,82
496,Neddy,Dossit,ndossitdr@bing.com,Male,Jeep,Pushkino,Pink,Tswana,48
497,Hugibert,Edwins,hedwinsds@youtu.be,Male,Saab,Cisoka,Turquoise,Arabic,28
498,Red,Housden,rhousdendt@china.com.cn,Male,Spyker,Ramotswa,,Malayalam,41
499,Annmaria,Lightbody,alightbodydu@ft.com,Female,,Cusapín,,,
500,Margi,Aris,marisdv@cdbaby.com,Female,,Bokoro,Orange,,
501,Carlene,Honatsch,chonatschdw@slate.com,Female,Chevrolet,Pampa de los Guanacos,Mauv,Polish,94
502,Carolyne,Orteu,,Female,,Limbuš,Purple,,
503,Ardis,Slyde,,Female,Pontiac,Vilares,Turquoise,Norwegian,74
504,Siward,Lecount,,Male,,Lyon,Khaki,,
505,Lonnard,Rawstron,lrawstrone0@independent.co.uk,Male,,Gijon,,,
506,Barney,Ilyuchyov,bilyuchyove1@admin.ch,Male,,Luojiaping,,,
507,Randene,Fortie,rfortiee2@noaa.gov,Female,,Kaa-Khem,Purple,,
508,Tiphani,McGarel,tmcgarele3@irs.gov,Female,,Pushkino,Yellow,,
509,Morie,Sheeres,msheerese4@mozilla.com,Male,Ford,Kadusirung Hilir,Green,Marathi,81
510,Ann,Tamburi,atamburie5@hhs.gov,Female,,Blagoveshchensk,Blue,,
511,Ricardo,Camus,rcamuse6@godaddy.com,Male,Hyundai,Guanchao,Blue,Northern Sotho,56
512,Mathian,Tilmouth,mtilmouthe7@slate.com,Male,,Batudulang,Red,,
513,Valli,Nutten,,Female,Nissan,Kansas City,Goldenrod,Kashmiri,30
514,Husain,Hatter,hhattere9@auda.org.au,Male,Bentley,Gujrāt,Orange,Spanish,47
515,Jarrad,McGuiness,jmcguinessea@jiathis.com,Male,Pontiac,Saint-Denis,Turquoise,Arabic,22
516,Miltie,Lilford,mlilfordeb@addthis.com,Male,,Ryczywół,Red,,
517,Edan,Purvey,epurveyec@deviantart.com,Male,,Madrid,Blue,,
518,Robenia,Fronks,rfronksed@bbc.co.uk,Female,,Yangtan,,,
519,Gretta,Lipprose,,Genderqueer,Mitsubishi,Uthai Thani,Khaki,Estonian,29
520,Gordon,Winfrey,gwinfreyef@samsung.com,Male,Dodge,Grazhdanka,Blue,Assamese,73
521,Gaspar,Tipler,,Male,Mercedes-Benz,Kiel,,Armenian,53
522,Bear,Hambric,,Non-binary,,Bangolo,,,
523,Demetria,Padgham,dpadghamei@huffingtonpost.com,Female,Ford,Mehron,Fuscia,Dzongkha,90
524,Allene,Ameer-Beg,aameerbegej@yelp.com,Female,,San Pedro de Ycuamandiyú,Puce,,
525,Rey,Reveland,,Male,Hyundai,Vitebsk,,German,30
526,Felizio,Schwieso,,Male,Toyota,Touguinha,,Haitian Creole,30
527,Ingamar,Skydall,iskydallem@elpais.com,Male,,Крушево,Red,,
528,Ethelda,Billany,ebillanyen@topsy.com,Polygender,,Yoshida-kasugachō,Yellow,,
529,Saundra,Sworn,ssworneo@tripod.com,Female,Honda,Jiehu,Orange,Korean,88
530,Cherlyn,Oakshott,coakshottep@cnn.com,Female,,Šventoji,Indigo,,
531,Fionnula,Hubbold,,Female,,Santo Tomás,,,
532,Seth,Tasseler,,Male,,Taibai,Maroon,,
533,Kacie,Girardot,,Female,Toyota,Strabychovo,,Croatian,69
534,Nichole,Allmen,nallmenet@networksolutions.com,Female,,Ngilengan,,,
535,Nadean,Goodband,,Female,Isuzu,Huayuan,,German,53
536,Elia,Biagi,ebiagiev@rediff.com,Agender,Ford,Denver,Teal,Swahili,81
537,Delilah,Paulton,dpaultonew@booking.com,Female,Dodge,Goz Beïda,Turquoise,Northern Sotho,87
538,Archy,Heaney`,aheaneyex@nymag.com,Male,Jeep,Garango,Teal,Gujarati,80
539,Booth,Sherington,bsheringtoney@merriam-webster.com,Male,,Oymak,Crimson,,
540,Randy,Dearing,rdearingez@nbcnews.com,Male,,Freguesia do Ribeirao da Ilha,Yellow,,
541,Bernetta,Coleby,,Female,Volkswagen,Huatai,,Oriya,44
542,Devland,Boothman,dboothmanf1@miibeian.gov.cn,Male,,Shiquanhe,,,
543,Kalli,Bourgourd,kbourgourdf2@army.mil,Female,,Kalanguy,Aquamarine,,
544,Ford,Bernhardsson,fbernhardssonf3@freewebs.com,Male,,Shaxi,Yellow,,
545,Tuesday,Daw,,Female,,Brest,Crimson,,
546,Patricio,Yaakov,pyaakovf5@google.ca,Male,,Fushan,Fuscia,,
547,Hamid,Mityushkin,hmityushkinf6@blogspot.com,Bigender,Suzuki,Mariscala,Goldenrod,Bulgarian,66
548,Shannon,Clarkson,sclarksonf7@simplemachines.org,Male,,Karema,Goldenrod,,
549,Ward,Soame,wsoamef8@i2i.jp,Male,Mazda,Santa Lucía,,Norwegian,86
550,Dianne,Lassells,dlassellsf9@si.edu,Female,Mercedes-Benz,Petrópolis,Teal,Danish,91
551,Corry,Lemerie,clemeriefa@europa.eu,Female,Chevrolet,Mikhaylovskoye,,English,25
552,Cora,Foote,cfootefb@hostgator.com,Female,,Ringinrejo,Aquamarine,,
553,Philippine,Mosen,,Female,,Sunjia,Blue,,
554,Gina,Mateu,gmateufd@themeforest.net,Female,,Heerlen,Pink,,
555,Francesco,Gaffon,,Male,Maybach,Sambirata,Puce,Marathi,80
556,Cyndia,Viegas,cviegasff@bravesites.com,Female,,Changma,,,
557,Ingaborg,Struis,istruisfg@abc.net.au,Female,,Lugo,Green,,
558,Andreana,Swettenham,,Female,Aptera,Paço,Maroon,Azeri,26
559,Kermit,Oswal,koswalfi@goodreads.com,Male,Nissan,Zhuji,Aquamarine,Hiri Motu,60
560,Nichole,Izkovicz,nizkoviczfj@blogtalkradio.com,Male,,Sanzao,Red,,
561,Kevina,Swainger,kswaingerfk@soup.io,Female,,North Shore,Crimson,,
562,Winnifred,Zolini,wzolinifl@deliciousdays.com,Female,,Qiankeng,Crimson,,
563,Monique,Gandey,mgandeyfm@wikipedia.org,Female,Mazda,Guri i Zi,Fuscia,Filipino,71
564,Desmond,Powderham,dpowderhamfn@washington.edu,Male,Infiniti,Tierp,Maroon,Luxembourgish,50
565,Ilaire,Nipper,inipperfo@moonfruit.com,Male,Plymouth,Spas’ke,Mauv,Albanian,82
566,Salomone,Thiese,sthiesefp@woothemes.com,Male,Dodge,Beizhuang,Crimson,Romanian,69
567,Florencia,Billiard,fbilliardfq@amazon.com,Female,,Matviyivka,Maroon,,
568,Gipsy,Haveline,ghavelinefr@nih.gov,Non-binary,Toyota,Rrasa e Sipërme,Aquamarine,Hebrew,60
569,Nathanael,Jorck,njorckfs@cisco.com,Male,Mitsubishi,Paris 15,,Polish,66
570,Beatrice,Ewbach,bewbachft@craigslist.org,Female,Toyota,Troyes,,English,71
571,Woody,Giacomasso,,Male,Kia,Serowe,Aquamarine,Kazakh,76
572,Tasia,Holworth,tholworthfv@google.ru,Female,Chevrolet,Saint Joseph,Yellow,Belarusian,30
573,Brian,Gaffney,bgaffneyfw@census.gov,Male,Chevrolet,Maliiha,Green,Aymara,45
574,Claudie,Attride,,Female,,Lady Grey,,,
575,Sig,Rigg,sriggfy@xing.com,Male,Chevrolet,Pulap,Goldenrod,Assamese,41
576,Keith,Beggio,,Agender,Pontiac,Sergelen,Aquamarine,Gagauz,71
577,Lucy,McWhorter,lmcwhorterg0@chron.com,Female,,Zhongguanyi,Indigo,,
578,Emory,Wickens,ewickensg1@kickstarter.com,Male,,Cortes,Orange,,
579,Law,Huish,lhuishg2@dion.ne.jp,Male,Lincoln,Borlänge,Aquamarine,Yiddish,73
580,Gilbertine,Haslehurst,,Female,GMC,Na Chaluai,,Haitian Creole,100
581,Scarlet,Baker,sbakerg4@sakura.ne.jp,Genderfluid,,La Floresta,Orange,,
582,Yorke,Woolger,,Male,,Novyy Starodub,Puce,,
583,Mathilda,Eynon,meynong6@princeton.edu,Female,Lincoln,Huyuan,,Zulu,84
584,Leopold,Tweedy,,Male,,Vinica,Orange,,
585,Hall,Dunsford,hdunsfordg8@marriott.com,Male,,Dayr Abū Ḑa‘īf,Fuscia,,
586,Rawley,McCurrie,rmccurrieg9@cornell.edu,Male,,Haozhai,Red,,
587,Pandora,Matheson,pmathesonga@ted.com,Female,Ford,Weepangali,Turquoise,Bulgarian,45
588,Joseph,Cumberlidge,jcumberlidgegb@ucoz.ru,Bigender,Jaguar,Puyuan,,New Zealand Sign Language,78
589,Randi,Edwins,redwinsgc@trellian.com,Female,,Valday,Yellow,,
590,Aldon,Wolfe,awolfegd@wsj.com,Male,,Chenghuang,Teal,,
591,Adah,Gravatt,,Female,,Zhoujiadian,Green,,
592,Maje,Warre,mwarregf@berkeley.edu,Male,,Rosario,,,
593,Jesse,Forsdicke,jforsdickegg@privacy.gov.au,Male,,São Pedro,Aquamarine,,
594,Gearard,Clem,gclemgh@angelfire.com,Male,,Ziyuan,Green,,
595,Kissiah,McEniry,kmcenirygi@ocn.ne.jp,Female,,Alcoutim,,,
596,Foss,Romagnosi,fromagnosigj@blogs.com,Male,Ford,Salogon,Violet,Korean,29
597,Cara,Ivimey,civimeygk@artisteer.com,Female,,Ḩawallī,Indigo,,
598,Judi,Kopacek,jkopacekgl@newsvine.com,Female,,Sara Kunda,Fuscia,,
599,Ralf,Rubinow,rrubinowgm@sfgate.com,Male,Mitsubishi,Lawrenceville,Yellow,Moldovan,33
600,Welsh,Timothy,wtimothygn@army.mil,Male,Subaru,Bagacay,,Finnish,88
601,Reynolds,Adshed,radshedgo@desdev.cn,Male,Pontiac,Shanggu,Green,Catalan,24
602,Skyler,Moir,smoirgp@vistaprint.com,Male,Lexus,Phú Thái,Mauv,Armenian,53
603,Helenelizabeth,Horley,,Female,,Sallins,Violet,,
604,Emmalee,Conisbee,econisbeegr@g.co,Bigender,Mercury,Notranje Gorice,Crimson,Zulu,47
605,Massimo,Stellman,mstellmangs@bloglines.com,Male,GMC,Arias,Goldenrod,Montenegrin,80
606,Shaine,Zannelli,,Non-binary,Mazda,Rio de Janeiro,Crimson,English,33
607,Rourke,Shales,rshalesgu@odnoklassniki.ru,Male,,Solna,Yellow,,
608,Sybil,Siemianowicz,ssiemianowiczgv@bing.com,Female,,Kavýli,,,
609,Alessandro,Gimenez,,Male,,Machakos,Purple,,
610,Avie,Rizzardi,arizzardigx@bloglines.com,Female,,Linköping,Aquamarine,,
611,Ajay,St Angel,astangelgy@cbc.ca,Female,Ford,Tugu,Aquamarine,Assamese,84
612,Marnia,Rabbitt,,Female,,Orlando,Crimson,,
613,Carla,Karlolczak,ckarlolczakh0@blog.com,Female,Saab,Jiangchang,Maroon,Quechua,89
614,Gerty,Trehearne,gtrehearneh1@skype.com,Female,Pontiac,Pirapora,Green,Chinese,47
615,Courtney,Audry,caudryh2@tamu.edu,Male,,Travesía,Purple,,
616,Karney,Hearle,khearleh3@wufoo.com,Male,,Fenoarivo Be,Crimson,,
617,Camilla,Onn,connh4@symantec.com,Female,Ford,Bolobo,Blue,Persian,43
618,Leigh,Batistelli,lbatistellih5@go.com,Male,,Józefów,Crimson,,
619,Norry,Arrol,narrolh6@cnbc.com,Male,Audi,Saint-Denis,Teal,Macedonian,82
620,Yard,Argent,yargenth7@google.com,Male,Dodge,Algoz,Pink,Maltese,19
621,Pattin,Artindale,,Male,,Saharna,Blue,,
622,Charissa,Abramski,cabramskih9@wikipedia.org,Female,Land Rover,Flen,,Dutch,80
623,Foster,McClenaghan,fmcclenaghanha@blogs.com,Male,,Majan,Puce,,
624,Way,Keary,wkearyhb@slashdot.org,Male,Ford,Baltimore,Teal,Swahili,24
625,Vinnie,Bilson,vbilsonhc@nyu.edu,Female,,Sapareva Banya,Fuscia,,
626,Joshia,Charnley,jcharnleyhd@nationalgeographic.com,Male,Mazda,Pueblo Nuevo,,Tswana,58
627,Fulton,Aldins,faldinshe@columbia.edu,Genderqueer,,Lérida,Fuscia,,
628,Georgeta,Kitchingman,,Female,Chevrolet,Palenggihan,,Tamil,50
629,Tarra,Clewer,tclewerhg@surveymonkey.com,Female,Plymouth,Villa Altagracia,Khaki,Tetum,29
630,Layne,Kensley,lkensleyhh@etsy.com,Female,Suzuki,Santo Niño,,Norwegian,53
631,Valencia,Elston,velstonhi@nbcnews.com,Female,,Shāhdādkot,,,
632,Claire,Casiero,ccasierohj@huffingtonpost.com,Female,,Spokoynaya,Teal,,
633,Jermaine,Kubecka,,Female,,Svetlograd,Blue,,
634,Sauveur,Board,sboardhl@merriam-webster.com,Male,Audi,Foumban,Indigo,Afrikaans,78
635,Ricki,Hilbourne,rhilbournehm@howstuffworks.com,Male,Porsche,Mae Lan,Maroon,Hindi,97
636,Giralda,Gauvain,ggauvainhn@printfriendly.com,Female,Chevrolet,Sheffield,Blue,Azeri,66
637,Giacinta,Enrique,,Female,Audi,Hongwei,Maroon,Mongolian,65
638,Shannan,Searjeant,ssearjeanthp@shutterfly.com,Male,Dodge,Honolulu,Violet,Albanian,76
639,Chiquita,Roast,,Female,,Al Judayrah,Fuscia,,
640,Tina,Izkovici,tizkovicihr@digg.com,Female,Lotus,Tasböget,Aquamarine,Tamil,75
641,Kaiser,Skoyles,kskoyleshs@deviantart.com,Male,,Jrashen,,,
642,Lilas,Lotwich,llotwichht@theatlantic.com,Female,Dodge,Barrancas,Goldenrod,Dutch,52
643,Pieter,Cavnor,,Male,BMW,Příbram,Mauv,Khmer,68
644,Marmaduke,Andreazzi,,Male,Mitsubishi,Watuweri,,Thai,29
645,Mabel,Gooders,,Female,,Wujiashan,Violet,,
646,Dorris,Kainz,dkainzhx@chicagotribune.com,Polygender,Chevrolet,Igede-Ekiti,Fuscia,Thai,40
647,Heinrik,Seabrooke,hseabrookehy@is.gd,Male,,Nanchangshan,Indigo,,
648,Shane,Packwood,spackwoodhz@hexun.com,Female,Mercedes-Benz,Vaxholm,Puce,West Frisian,52
649,Prisca,Kilfoyle,pkilfoylei0@blogspot.com,Female,Lincoln,Slovenska Bistrica,Goldenrod,Chinese,58
650,Tammara,Ambrose,tambrosei1@hhs.gov,Female,,Songfeng,,,
651,Kayley,Lethley,klethleyi2@nyu.edu,Female,Mazda,Kinkala,Goldenrod,Bengali,86
652,Pearline,Cartledge,pcartledgei3@tinypic.com,Female,Lincoln,Mojoagung,Yellow,Oriya,75
653,Caroline,Seary,csearyi4@digg.com,Female,,Cigintung,Puce,,
654,Valida,Weavill,vweavilli5@geocities.com,Female,,Lemery,,,
655,Harmon,Ebanks,hebanksi6@lycos.com,Male,,Nzeto,Indigo,,
656,Salomo,Crust,scrusti7@vistaprint.com,Male,Chevrolet,Itapé,Yellow,Icelandic,89
657,Melva,Walasik,,Female,Jeep,Kabinda,Green,Māori,100
658,Parry,Gomer,pgomeri9@theatlantic.com,Male,Subaru,Belozërskoye,,Swedish,30
659,Vivyanne,Arnason,,Female,Ford,Zhaocun,Maroon,Polish,86
660,Roseline,Early,rearlyib@hc360.com,Female,Audi,Ponta do Sol,,Punjabi,81
661,Barbey,Davydzenko,bdavydzenkoic@dmoz.org,Female,Saturn,Taoyuan,,Bislama,29
662,Marwin,Ruggier,,Male,,Hobart,,,
663,Harland,Mawman,,Male,BMW,Port Colborne,Pink,Yiddish,86
664,Coleen,Krugmann,ckrugmannif@engadget.com,Female,,Budapest,Indigo,,
665,Constantin,Runnalls,crunnallsig@g.co,Male,Dodge,Pagsanahan Norte,Turquoise,Azeri,86
666,Fergus,Merlin,fmerlinih@digg.com,Male,Volvo,'s-Hertogenbosch,,Gagauz,72
667,Fanchette,Deering,,Female,,Daşoguz,Indigo,,
668,Rahel,Eggleton,,Female,Nissan,Górki,Goldenrod,Georgian,44
669,Bealle,Corriea,,Male,,Licheń Stary,,,
670,Che,Seacombe,cseacombeil@plala.or.jp,Male,,São João del Rei,Pink,,
671,Alvis,Scarr,ascarrim@ow.ly,Male,Dodge,Picoto,Aquamarine,Amharic,45
672,Micheal,Dunsire,,Bigender,Lincoln,Beidong,,Montenegrin,18
673,Adina,Deacon,adeaconio@sciencedirect.com,Female,,Diébougou,Goldenrod,,
674,Eran,Balazs,ebalazsip@pbs.org,Female,Subaru,Capitán Sarmiento,Aquamarine,Bengali,50
675,Kania,Idiens,,Female,Toyota,Itapetinga,Mauv,Estonian,28
676,Mic,Sellack,msellackir@tripadvisor.com,Male,Mitsubishi,Troyan,Mauv,Estonian,18
677,Brinna,De Miranda,bdemirandais@google.fr,Female,GMC,Gostyń,,Sotho,41
678,Tim,Hiscocks,,Agender,,El Triunfo,,,
679,Manfred,Broek,mbroekiu@4shared.com,Male,Ford,Zheleznodorozhnyy,Mauv,West Frisian,79
680,Matt,Lattie,mlattieiv@buzzfeed.com,Male,,Benjamín Aceval,Turquoise,,
681,Donnell,Dingsdale,ddingsdaleiw@berkeley.edu,Male,Buick,Okinawa,Orange,Malay,100
682,Isidor,Piolli,ipiolliix@miitbeian.gov.cn,Male,Subaru,Istres,Goldenrod,Hiri Motu,21
683,Philly,MacCardle,,Female,Honda,Bolekhiv,Orange,Kurdish,86
684,Curtis,Oleszczak,coleszczakiz@goodreads.com,Male,Mitsubishi,Kallar Kahār,Maroon,Latvian,55
685,Gwendolyn,Yacobsohn,,Female,,Ixopo,Maroon,,
686,Artur,Gatman,agatmanj1@cnbc.com,Male,GMC,Göteborg,Red,German,19
687,Lorrin,Lowthian,,Female,,Casal Novo,Purple,,
688,Pierre,Rackstraw,prackstrawj3@mysql.com,Male,Toyota,Quận Sáu,Fuscia,Gujarati,59
689,Devonne,O'dell,dodellj4@ucsd.edu,Female,Volkswagen,Osa,Teal,Telugu,40
690,Sibilla,Lorait,,Female,Eagle,Shengze,,Arabic,44
691,Glenda,Dael,gdaelj6@icq.com,Polygender,,Jarošov nad Nežárkou,,,
692,Joanie,McCarron,jmccarronj7@seattletimes.com,Female,Ford,Umeå,Purple,Swahili,57
693,Bill,Bovey,bboveyj8@technorati.com,Male,Porsche,Ilyich,Orange,Lao,99
694,Cirilo,Eastcott,ceastcottj9@flavors.me,Male,,Kaliuda,,,
695,Marcelle,Bissett,mbissettja@mail.ru,Female,,Manūjān,Red,,
696,Samaria,Kilbourne,skilbournejb@jalbum.net,Female,MINI,Darvi,Pink,Pashto,42
697,Clio,O'Calleran,,Female,Mitsubishi,Xinzhou,Violet,Swati,97
698,Freeman,Yakobowitch,,Male,,Salto,,,
699,Marlyn,Ouslem,mouslemje@loc.gov,Female,,Carandaí,Maroon,,
700,Abigael,Gaynsford,,Female,Saab,Nagcarlan,Teal,Portuguese,66
701,Henry,Candey,hcandeyjg@howstuffworks.com,Male,Nissan,Sandouping,Violet,Papiamento,25
702,Roxanna,Barhims,rbarhimsjh@163.com,Female,,São Mateus,Purple,,
703,Salaidh,Farry,sfarryji@gravatar.com,Female,Mercury,Bandar-e Māhshahr,Violet,Papiamento,23
704,Kalie,Croizier,kcroizierjj@liveinternet.ru,Female,Ford,Crato,Blue,Tajik,66
705,Franni,Jamblin,fjamblinjk@hhs.gov,Female,Pontiac,Castelo,Turquoise,Estonian,68
706,Suzanne,Dornin,sdorninjl@tinyurl.com,Female,,Qīr Moāv,,,
707,Nevil,Hanburry,nhanburryjm@altervista.org,Male,,Bello,Purple,,
708,Harrison,Braley,hbraleyjn@netscape.com,Male,Mazda,Kónitsa,Turquoise,Albanian,62
709,Jarvis,Smurfit,jsmurfitjo@exblog.jp,Male,,Ranua,Teal,,
710,Renaldo,Biffen,rbiffenjp@nba.com,Male,Lincoln,Alexandria,,Amharic,57
711,Harrison,Stygall,hstygalljq@bandcamp.com,Male,,Yanchi,Fuscia,,
712,Kelsey,Ivannikov,kivannikovjr@photobucket.com,Male,GMC,Cibeureum Kidul,Purple,Mongolian,59
713,Miranda,Wilmot,mwilmotjs@mayoclinic.com,Female,,Kebunan,Pink,,
714,Gwenora,Biagi,,Female,Cadillac,Huogezhuang,Fuscia,Hebrew,88
715,Gerhard,Bore,,Male,Toyota,Jiannan,,Tok Pisin,35
716,Quincey,World,qworldjv@bbc.co.uk,Male,,Orléans,Red,,
717,Ingemar,Gath,igathjw@house.gov,Male,Pontiac,Camocim,,West Frisian,41
718,Werner,Lefort,wlefortjx@ning.com,Male,,Muncar,Teal,,
719,Rinaldo,Shuker,rshukerjy@bizjournals.com,Male,Honda,Silgueiros,Goldenrod,Sotho,78
720,Karie,Eustace,,Female,BMW,Purabaya,Violet,Korean,85
721,Dannye,Grouer,dgrouerk0@behance.net,Female,,Longshe,Orange,,
722,Ulrike,Ruby,urubyk1@wufoo.com,Female,,Rushankou,,,
723,Boot,Langmuir,blangmuirk2@prlog.org,Genderqueer,Ford,Tuplice,Mauv,Afrikaans,87
724,Bryanty,Prise,bprisek3@disqus.com,Male,Mazda,Tatarka,Red,Pashto,88
725,Yancey,Crufts,ycruftsk4@printfriendly.com,Male,Aston Martin,Petaling Jaya,,Georgian,66
726,Gaspar,Thurber,gthurberk5@gizmodo.com,Male,,Yumbe,Mauv,,
727,Blaire,Richmont,,Female,,Mucllo,Orange,,
728,Lindsay,Totaro,ltotarok7@mapquest.com,Female,,Waigete,Green,,
729,Rosco,Annett,rannettk8@list-manage.com,Male,Audi,Orlu,Green,Khmer,54
730,Kassey,Linbohm,klinbohmk9@google.com.br,Female,Saturn,Mamanguape,Khaki,Malayalam,25
731,Kizzie,Boughton,kboughtonka@upenn.edu,Female,Saab,Flor da Rosa,Blue,Kyrgyz,74
732,Artair,Ayce,aaycekb@1und1.de,Non-binary,Volkswagen,Viengxay,Pink,Zulu,85
733,Agnesse,Hansbury,ahansburykc@wikipedia.org,Genderfluid,Audi,La Floresta,Khaki,Filipino,56
734,Leontyne,Hollington,lhollingtonkd@barnesandnoble.com,Female,Honda,Louny,Orange,German,32
735,Boycey,Center,bcenterke@timesonline.co.uk,Male,Dodge,Stockholm,Violet,Fijian,86
736,Anders,Teasdale-Markie,ateasdalemarkiekf@discovery.com,Male,,Luzhany,Turquoise,,
737,Pippo,Holsall,,Male,,San Juan Bautista,Goldenrod,,
738,Shaw,Leveridge,sleveridgekh@mysql.com,Male,,Pedregal,Puce,,
739,Mort,Worsam,mworsamki@miitbeian.gov.cn,Male,Ferrari,Gutalac,Crimson,German,35
740,Eachelle,Arend,earendkj@wordpress.com,Female,Audi,Wafang,Violet,Armenian,74
741,Nickola,Salthouse,,Male,Mercedes-Benz,Curuan,Pink,Bengali,67
742,Sibelle,Denzey,sdenzeykl@imdb.com,Female,Mercury,Jonava,,Japanese,74
743,Christyna,Leedes,cleedeskm@ox.ac.uk,Female,,G‘azalkent,,,
744,Mead,Yea,,Female,,Adelaide Mail Centre,Pink,,
745,Eliza,Thulborn,ethulbornko@technorati.com,Female,,Lidong,Mauv,,
746,Boycey,Riley,brileykp@disqus.com,Male,,Cristóbal,Goldenrod,,
747,Pearle,Gouck,pgouckkq@epa.gov,Female,,Taipa,Indigo,,
748,Krystal,Showen,,Female,Lincoln,Taoyuan,Goldenrod,Gagauz,94
749,Welbie,Cuckoo,wcuckooks@ucoz.ru,Male,Mitsubishi,Berea,Khaki,Estonian,51
750,Benedetta,Anselm,,Female,Toyota,Binguang,,Quechua,56
751,Jobey,Hand,jhandku@ed.gov,Polygender,,Coutada,Violet,,
752,Keelia,Goodinson,kgoodinsonkv@huffingtonpost.com,Female,Volvo,Macapá,Goldenrod,Zulu,96
753,Candice,Fishbourne,cfishbournekw@earthlink.net,Female,Aptera,Shengtang,Yellow,Lithuanian,37
754,Tamar,Gwioneth,tgwionethkx@npr.org,Female,Nissan,Mercedes,Red,Lithuanian,95
755,Spenser,Ondrak,,Male,BMW,Torbeyevo,,Burmese,42
756,Doug,Audus,dauduskz@dailymail.co.uk,Male,,Cho-airong,Blue,,
757,Chance,Cowwell,ccowwelll0@goo.ne.jp,Male,,Jiangkou,Red,,
758,Lucius,Beney,,Male,Mercedes-Benz,Mendoza,Red,Lithuanian,32
759,Orbadiah,Schruyers,oschruyersl2@prnewswire.com,Male,,Tahala,,,
760,Matt,Emney,memneyl3@google.com.br,Male,,Montgomery,Mauv,,
761,Ninetta,Youens,nyouensl4@usnews.com,Female,Chevrolet,Massaranduba,Violet,Latvian,64
762,Kyrstin,Rossant,krossantl5@youku.com,Female,Nissan,Wola Rębkowska,Purple,Tswana,21
763,Marley,Marsh,mmarshl6@reference.com,Female,Kia,Shanshi,Crimson,Polish,33
764,Nate,Clayson,nclaysonl7@hhs.gov,Non-binary,,Monamon,Puce,,
765,Regan,Sayer,rsayerl8@google.ru,Male,Honda,Birr,,Burmese,86
766,Clayson,Whild,cwhildl9@prnewswire.com,Male,Toyota,Nova Venécia,,Kyrgyz,39
767,Blair,Capin,bcapinla@businesswire.com,Male,,Maicao,Khaki,,
768,Cicely,Pledger,cpledgerlb@studiopress.com,Female,,El Mida,Pink,,
769,Clyde,Agastina,cagastinalc@icq.com,Male,,Jiangkou,Teal,,
770,Goober,Chooter,gchooterld@scribd.com,Male,Pontiac,Malunda,Pink,Hiri Motu,90
771,Carmelia,Eaglen,,Female,Ford,Rizó,Crimson,Yiddish,58
772,Phaidra,Suermeier,psuermeierlf@guardian.co.uk,Female,,Sanxi,Goldenrod,,
773,Joann,Grishenkov,jgrishenkovlg@tiny.cc,Female,GMC,Češinovo,Khaki,Montenegrin,26
774,Constancy,Tamblyn,ctamblynlh@epa.gov,Female,Toyota,Sukasirna,Maroon,Guaraní,68
775,Kele,Emlyn,kemlynli@is.gd,Male,Nissan,Uppsala,Mauv,Bengali,99
776,Delcina,Marchetti,,Non-binary,Cadillac,Milton,Violet,Bosnian,34
777,Valaree,Newlan,vnewlanlk@multiply.com,Female,Toyota,Canmore,Teal,Ndebele,85
778,Georgy,Fallis,gfallisll@wsj.com,Male,Mazda,Yushugou,Teal,Kyrgyz,71
779,Gilly,Romain,gromainlm@tmall.com,Female,,Motema,Goldenrod,,
780,Edi,Rodder,erodderln@bloglines.com,Female,,Oceanside,,,
781,Lind,Mahy,lmahylo@rakuten.co.jp,Male,,Shangsha,Yellow,,
782,Dario,Dunphy,ddunphylp@ifeng.com,Polygender,,San Diego,Purple,,
783,Silvester,Tatterton,stattertonlq@smugmug.com,Male,,Monjas,Aquamarine,,
784,Kassi,Spinige,kspinigelr@about.me,Female,,Sousse,Turquoise,,
785,Berton,Heindle,,Male,Ford,Oslo,Crimson,Swati,61
786,Nikita,Dedney,ndedneylt@a8.net,Male,,Ta Phraya,,,
787,Humphrey,Rotchell,hrotchelllu@mayoclinic.com,Male,Chrysler,Kamionka,Aquamarine,Icelandic,39
788,Kissee,Mendel,kmendellv@reddit.com,Female,Subaru,Ciguha Tengah,Goldenrod,Filipino,47
789,Noland,Isles,nisleslw@springer.com,Bigender,,San Fernando del Valle de Catamarca,Red,,
790,Jillian,Quadrio,jquadriolx@blogtalkradio.com,Bigender,,Pateros,,,
791,Clyde,Foulser,,Male,Mitsubishi,Magbay,,Malay,90
792,Zebadiah,Wincott,zwincottlz@time.com,Male,,Ängelholm,Orange,,
793,Arin,Bravery,abraverym0@bbc.co.uk,Male,,Xilin Hot,,,
794,Inna,Menchenton,imenchentonm1@yahoo.co.jp,Female,Volkswagen,Morje,Teal,Dzongkha,60
795,Knox,Meadley,kmeadleym2@yelp.com,Genderfluid,Cadillac,Stryków,Mauv,Fijian,21
796,Lucio,Bellward,lbellwardm3@google.ru,Male,Toyota,Höfn,,Tajik,65
797,Dolly,Zorzini,dzorzinim4@jugem.jp,Female,Chevrolet,Jankowice,Violet,Tok Pisin,92
798,Brittne,Gass,bgassm5@wikispaces.com,Bigender,,Sinjār,Goldenrod,,
799,Rudie,Merryfield,rmerryfieldm6@nationalgeographic.com,Male,,Tembang,,,
800,Merralee,Wolstencroft,mwolstencroftm7@deviantart.com,Female,GMC,Gorgoram,Violet,French,33
801,Brittney,Vannucci,bvannuccim8@godaddy.com,Female,,Knyaze-Volkonskoye,Crimson,,
802,Mariska,Antonacci,mantonaccim9@istockphoto.com,Female,,Hongqiao,Red,,
803,Avigdor,Maccree,,Agender,,Cam Lộ,Pink,,
804,Ingmar,Tyrrell,ityrrellmb@typepad.com,Male,Mazda,Trondheim,Violet,Montenegrin,40
805,Borden,Wreath,bwreathmc@answers.com,Male,Pontiac,Volodymyrets’,Fuscia,Moldovan,44
806,Hubert,Szimon,hszimonmd@cpanel.net,Male,BMW,Al Jaghbūb,Turquoise,Somali,27
807,Nerty,Wilshaw,nwilshawme@bloglovin.com,Female,,Wintzenheim,Green,,
808,Ezekiel,Atteridge,eatteridgemf@unesco.org,Male,Plymouth,Kalabahi,Crimson,Tetum,53
809,Antony,Rabjohns,,Male,,Beishan,,,
810,Missie,Whipp,mwhippmh@mashable.com,Female,Saab,Randfontein,Purple,Bislama,95
811,Gayler,Driver,gdrivermi@unc.edu,Male,Volvo,Seren,Yellow,Kannada,57
812,Lorena,Gwynne,lgwynnemj@cdc.gov,Female,,Colima,Green,,
813,Pearl,Vince,pvincemk@utexas.edu,Female,,Weiwangzhuang,,,
814,Juanita,Fadell,,Female,,San Agustín,Indigo,,
815,Salvador,Scruby,,Male,Isuzu,Ōmagari,Crimson,Montenegrin,52
816,Shurlocke,Lindstrom,slindstrommn@newyorker.com,Male,,Phoenix,,,
817,Corabella,Faulconbridge,cfaulconbridgemo@uiuc.edu,Female,Maybach,Saint-Grégoire,Blue,Irish Gaelic,53
818,Adi,Flippelli,aflippellimp@hubpages.com,Female,Saturn,Pavlysh,Khaki,Maltese,25
819,Vidovik,Heart,vheartmq@usatoday.com,Male,,Changfeng,,,
820,Joellen,Kiss,jkissmr@jugem.jp,Female,,Nariño,Pink,,
821,Reube,Traylen,rtraylenms@epa.gov,Male,,Jajaway,Puce,,
822,Nikolia,Annets,nannetsmt@telegraph.co.uk,Female,Volkswagen,Cangshi,Mauv,Hebrew,50
823,Caritta,Guierre,cguierremu@opera.com,Female,Honda,Juexi,,Persian,71
824,Nichols,Mintram,nmintrammv@bing.com,Male,Volvo,Artashat,,Bengali,27
825,Manda,Pither,mpithermw@networkadvertising.org,Female,,Mahekou,Turquoise,,
826,Hollyanne,Hitter,hhittermx@washington.edu,Female,Toyota,Kladanj,Violet,Luxembourgish,95
827,Rubetta,Eason,reasonmy@sohu.com,Female,Lexus,London,Purple,Thai,37
828,Charlean,Sille,csillemz@jigsy.com,Genderfluid,Mercury,Lukou,Turquoise,Dutch,95
829,Tailor,Popplewell,,Male,Pontiac,Guankou,Goldenrod,Spanish,36
830,Chilton,Bolding,,Male,Mazda,Xiapu,Teal,English,21
831,Lisette,Brithman,lbrithmann2@amazon.de,Non-binary,,Dazhou,,,
832,Paul,Butner,pbutnern3@example.com,Male,Honda,Liandu,Crimson,Ndebele,59
833,Ludvig,Dunan,ldunann4@360.cn,Male,GMC,San Pedro Sacatepéquez,Pink,Tok Pisin,75
834,Boycie,MacCook,bmaccookn5@t-online.de,Male,Dodge,Orvault,Fuscia,Belarusian,73
835,Melantha,McCleod,,Female,,Fayaoué,,,
836,Loydie,Maffin,lmaffinn7@fotki.com,Male,,Yuanba,,,
837,Earle,Killshaw,ekillshawn8@scientificamerican.com,Male,Mercedes-Benz,Ponta Grossa,Turquoise,Indonesian,52
838,Mae,Stoner,mstonern9@com.com,Female,,Panay,Blue,,
839,Afton,Simpson,,Female,Jaguar,Ruokolahti,Pink,Dzongkha,50
840,Nickolas,Capitano,,Male,Kia,San Jose,,German,26
841,Maurizia,Wakenshaw,mwakenshawnc@php.net,Female,,Vidzy,Purple,,
842,Tabatha,Trainor,ttrainornd@google.com.au,Female,,Shenzhengqiao,Green,,
843,Gale,Hutchings,ghutchingsne@newsvine.com,Male,,Jinqu,Turquoise,,
844,Cristina,Caldaro,ccaldaronf@smh.com.au,Female,Dodge,Belajen,,Khmer,98
845,Sheila-kathryn,Brand,sbrandng@samsung.com,Female,,Tashanta,Green,,
846,Gabriele,Reneke,grenekenh@irs.gov,Male,,Sundbyberg,Purple,,
847,Christie,Whelpdale,cwhelpdaleni@altervista.org,Female,Buick,Jambubol,Maroon,Nepali,94
848,Carey,Willshire,cwillshirenj@phoca.cz,Male,Land Rover,Akron,,Italian,52
849,Dexter,Edelheit,dedelheitnk@google.co.jp,Male,GMC,Thouars,Violet,Tetum,54
850,Hildegaard,Libbis,hlibbisnl@plala.or.jp,Genderqueer,,Malabor,,,
851,Claudia,Ginnally,cginnallynm@clickbank.net,Female,,Kubangeceng,Goldenrod,,
852,Marietta,Ricardin,mricardinnn@etsy.com,Male,,Xiji,Teal,,
853,Raphael,Agate,ragateno@posterous.com,Male,Plymouth,Wąwolnica,Pink,Dari,55
854,Augie,Signori,asignorinp@tinyurl.com,Male,,Ust’-Donetskiy,Pink,,
855,Mariana,Eggers,meggersnq@domainmarket.com,Genderqueer,Audi,Victoria,Teal,Nepali,94
856,Grier,Siemandl,,Female,Acura,Mondokan,Orange,Telugu,80
857,Georgeanne,Jeanon,gjeanonns@topsy.com,Female,Infiniti,Lidong,,Papiamento,97
858,Gonzales,Dybald,gdybaldnt@eepurl.com,Male,Chevrolet,Dianshui,,Swedish,62
859,Wilona,Kings,wkingsnu@twitpic.com,Female,Cadillac,Qiubin,,Tsonga,65
860,Alano,Karle,akarlenv@quantcast.com,Male,Land Rover,Batanovtsi,Blue,Hebrew,90
861,Gui,Vasilischev,gvasilischevnw@surveymonkey.com,Female,Toyota,Port Moody,Red,Sotho,75
862,Anitra,Campes,acampesnx@sbwire.com,Female,Eagle,Furmanov,Red,Punjabi,21
863,Kaine,Sockell,ksockellny@icio.us,Male,,Kanekomachi,Puce,,
864,Quentin,Arntzen,qarntzennz@yahoo.co.jp,Female,BMW,Kemiri,Puce,Bengali,55
865,Kirby,Roe,kroeo0@artisteer.com,Male,Porsche,Solnechnyy,Red,Dhivehi,72
866,Raye,Estick,resticko1@comcast.net,Female,Chrysler,Hezheng Chengguanzhen,Pink,Estonian,52
867,Adriano,Urwin,,Male,Mazda,Fauske,Indigo,Kashmiri,42
868,Lloyd,Bristo,lbristoo3@hud.gov,Male,,Sokal’,,,
869,Susie,Lanmeid,slanmeido4@sourceforge.net,Female,,Koniaków,,,
870,Betteann,O'Nion,boniono5@ovh.net,Female,Volvo,Pando,Yellow,Aymara,27
871,Timmie,Lardner,,Male,,Telde,Khaki,,
872,Hussein,Petyt,hpetyto7@elegantthemes.com,Male,,Caen,,,
873,Veronica,Layton,vlaytono8@friendfeed.com,Polygender,,Cajamarca,,,
874,Gayla,Stiles,gstileso9@com.com,Female,,Mangunjaya,Crimson,,
875,Brittne,Infantino,binfantinooa@multiply.com,Female,,Pont-à-Mousson,Goldenrod,,
876,Sayer,Samet,ssametob@e-recht24.de,Male,Chevrolet,Tuquan,Teal,Indonesian,41
877,Atlante,Tousy,atousyoc@businessweek.com,Female,Mazda,Stakhanov,Pink,Kashmiri,80
878,Ker,Follan,kfollanod@discuz.net,Male,,Santa Lucía,,,
879,Gus,Baglin,gbaglinoe@state.tx.us,Agender,,Västra Frölunda,Aquamarine,,
880,Pyotr,McWhinnie,pmcwhinnieof@youku.com,Male,,Hebi,Red,,
881,Griselda,Chetwind,gchetwindog@wsj.com,Female,,Daping,Purple,,
882,Tommie,Espinho,tespinhooh@yahoo.com,Male,Chevrolet,Sarāvān,,Tetum,70
883,Avril,Hertwell,ahertwelloi@china.com.cn,Female,Ford,Ingarö,Green,Hiri Motu,56
884,Darbee,Baumann,dbaumannoj@nyu.edu,Male,,Horodok,Violet,,
885,Darbie,Lukianovich,dlukianovichok@stanford.edu,Female,Mercedes-Benz,Stockton,Maroon,Spanish,84
886,Jenny,Wheelton,,Female,,Owase,Yellow,,
887,Pepi,Godmer,,Female,Jeep,Beiqiao,,Chinese,59
888,Padraic,Clery,pcleryon@europa.eu,Male,Isuzu,Cantao-an,Indigo,Sotho,87
889,Benedicto,Whittuck,bwhittuckoo@wikimedia.org,Male,Honda,Lubukgadang,,Albanian,89
890,Matthiew,Woof,mwoofop@comsenz.com,Male,Lexus,Gryfów Śląski,,Georgian,60
891,Amberly,Devita,adevitaoq@ft.com,Female,Ford,Montasik,Pink,Dari,57
892,Yorker,Bendik,ybendikor@gnu.org,Male,,Santana,Blue,,
893,Barton,Newbury,,Male,,Quận Sáu,Teal,,
894,Alleen,Laughlin,alaughlinot@bloglines.com,Female,Ferrari,Llama,Puce,Tswana,35
895,Karyl,Houchen,khouchenou@canalblog.com,Female,Isuzu,Salamina,,Khmer,42
896,Zelma,Maciunas,zmaciunasov@tinypic.com,Female,,Pampierstad,,,
897,Conny,Ilymanov,cilymanovow@a8.net,Male,,Mpongwe,Khaki,,
898,Aurilia,Freddi,afreddiox@behance.net,Female,,Karanglo,,,
899,Hermia,covino,hcovinooy@bbb.org,Female,,Admiralteisky,Mauv,,
900,Vidovic,Leeuwerink,vleeuwerinkoz@mapquest.com,Male,,Pasatan,,,
901,Winfield,Bilsland,wbilslandp0@ycombinator.com,Male,Buick,Los Angeles,Blue,Macedonian,96
902,Maxwell,Koppe,mkoppep1@tripod.com,Genderfluid,GMC,Wiwilí,Orange,Japanese,77
903,Konstantin,Tolossi,ktolossip2@edublogs.org,Male,,Pointe-Noire,,,
904,Bernadette,Kachel,bkachelp3@merriam-webster.com,Female,,Turbaco,Turquoise,,
905,Dunc,Father,dfatherp4@blog.com,Male,,New Pandanon,Aquamarine,,
906,Rickard,Carbry,rcarbryp5@constantcontact.com,Male,Ford,Tilang,Violet,Afrikaans,65
907,Maribeth,Given,mgivenp6@free.fr,Female,,San Sebastian,Aquamarine,,
908,Redd,Teacy,rteacyp7@theatlantic.com,Male,,Galesong,Goldenrod,,
909,Bren,Dalwood,bdalwoodp8@yolasite.com,Male,Scion,Lukou,Blue,English,86
910,Mead,Copnall,mcopnallp9@boston.com,Male,Buick,Laborde,Turquoise,Burmese,39
911,Rania,Heiton,,Female,BMW,Pitkyaranta,Violet,Fijian,79
912,Mychal,Barsam,,Male,,Vredefort,,,
913,Desi,McCutcheon,dmccutcheonpc@nhs.uk,Male,Isuzu,Detusoko,Yellow,Swahili,95
914,Halsy,MacParland,,Male,,Luowan,Fuscia,,
915,Janek,Tully,,Male,,Vukatanë,Teal,,
916,Doti,Huyton,dhuytonpf@free.fr,Female,Suzuki,Luis Donaldo Colosio,Maroon,Somali,100
917,Jolyn,Sherrard,jsherrardpg@furl.net,Genderqueer,Lincoln,Pryamitsyno,,Hebrew,81
918,Ches,Poncet,cponcetph@goodreads.com,Male,Chevrolet,Janaúba,Violet,Māori,71
919,Granthem,Cellone,gcellonepi@twitter.com,Male,Kia,Laranjal Paulista,,Swati,63
920,Janos,Hedney,jhedneypj@wix.com,Male,,Qinghua,Crimson,,
921,Chauncey,Dandy,cdandypk@cbsnews.com,Male,,Alcáçovas,,,
922,Ellwood,Cousans,ecousanspl@unblog.fr,Male,Mercedes-Benz,Amagi,,Bulgarian,49
923,Lena,Curragh,,Female,,Lachute,,,
924,Jackie,Sent,jsentpn@nsw.gov.au,Female,,Värnamo,Purple,,
925,Randie,Twomey,rtwomeypo@usnews.com,Male,,Lurugan,Mauv,,
926,Eve,Sawley,,Female,Infiniti,Bone South,,Belarusian,94
927,Farly,MacKniely,fmacknielypq@ucsd.edu,Bigender,Dodge,Independencia,Goldenrod,Bengali,91
928,Wilmar,Allicock,wallicockpr@bloomberg.com,Male,Hummer,Baltimore,Fuscia,Arabic,67
929,Stefanie,Gardener,,Female,,Nan,Pink,,
930,Fielding,Balnave,fbalnavept@hc360.com,Polygender,Mercedes-Benz,Chicago,Green,Nepali,48
931,Gifford,Longmire,glongmirepu@shareasale.com,Male,Saab,Cengang,Khaki,Northern Sotho,81
932,Sanderson,Antonognoli,,Male,Maybach,Ambatolampy,Maroon,Luxembourgish,31
933,Keslie,Giannini,,Female,,Arras,Maroon,,
934,Lance,Immer,limmerpx@pen.io,Male,Volvo,Karangbungur,Teal,Korean,39
935,Eveleen,Joiris,ejoirispy@amazon.co.jp,Agender,BMW,Gaplokan,Khaki,Assamese,73
936,Abigail,Rosengarten,,Female,Cadillac,La Ronge,Blue,Irish Gaelic,26
937,Josephina,Jellis,jjellisq0@vimeo.com,Female,Isuzu,Myhiya,Khaki,Icelandic,32
938,Tiffie,Wennington,twenningtonq1@themeforest.net,Female,BMW,Atamanovka,,Azeri,79
939,Theadora,Eberz,teberzq2@xinhuanet.com,Female,,Collingwood,,,
940,Arvy,Eykelhof,aeykelhofq3@blinklist.com,Male,Toyota,Gludug,Indigo,Tswana,69
941,Myer,Grigorio,,Male,Mazda,Göteborg,Crimson,Pashto,59
942,Osbourn,Kyneton,okynetonq5@weebly.com,Male,,Rongelap,Aquamarine,,
943,Lilli,Fumagallo,lfumagalloq6@drupal.org,Female,,Huangjinjing,,,
944,Judah,Tydeman,jtydemanq7@ebay.co.uk,Male,,Tumcon Ilawod,Aquamarine,,
945,Willy,Glenton,wglentonq8@opera.com,Male,,Trudobelikovskiy,Turquoise,,
946,Francklyn,Ingham,,Male,Mercedes-Benz,Tengjia,,Albanian,50
947,Bret,Sulley,,Male,,Xicheng,,,
948,Bealle,Drayson,,Male,,Jinhui,Crimson,,
949,La verne,Regan,lreganqc@arstechnica.com,Female,,Checacupe,Green,,
950,Duff,Raun,draunqd@china.com.cn,Male,Volkswagen,Jagabaya Dua,Blue,Georgian,96
951,Virgina,Grabert,vgrabertqe@phoca.cz,Female,GMC,Bāmyān,Violet,Norwegian,30
952,Parry,Cuthill,pcuthillqf@uol.com.br,Male,Saab,Kikinda,Aquamarine,Yiddish,82
953,Rosabella,Cater,,Female,Chevrolet,Plataran,Goldenrod,Aymara,74
954,Koo,Fitzhenry,kfitzhenryqh@youtu.be,Female,Chevrolet,Rumāh,Red,Georgian,25
955,Willy,Hartlebury,whartleburyqi@hibu.com,Male,Pontiac,Kawanoechō,Indigo,Nepali,81
956,Donelle,Antognoni,,Female,,Jīt,Red,,
957,Paulie,O'Connell,,Male,,Bacong,,,
958,Lind,Boldock,lboldockql@unc.edu,Female,Volkswagen,Krajan Puru,,Arabic,29
959,Mervin,Marin,mmarinqm@devhub.com,Male,Toyota,Jianling,,Albanian,58
960,Cathlene,Ben,cbenqn@theglobeandmail.com,Female,,Sawahrandu,Teal,,
961,Claybourne,Skarman,cskarmanqo@columbia.edu,Male,,Kazimierz Dolny,Turquoise,,
962,Leland,Janse,ljanseqp@seesaa.net,Female,,Ladário,,,
963,Hillel,Whitington,hwhitingtonqq@toplist.cz,Male,,Dongkeng,Maroon,,
964,Wilden,Gorner,wgornerqr@google.com,Male,Mitsubishi,Longsheng,Aquamarine,Lithuanian,64
965,Orel,Schult,oschultqs@hc360.com,Female,,Lucapon,Violet,,
966,Pierre,Lacer,placerqt@xing.com,Male,Dodge,Heerlen,Yellow,Kannada,30
967,Ephrem,Nottram,enottramqu@forbes.com,Male,Hyundai,Kayukembang,Yellow,Persian,47
968,Celle,Kinman,ckinmanqv@list-manage.com,Female,,Casal da Serra,Maroon,,
969,Averil,Jimson,ajimsonqw@dailymotion.com,Male,Chevrolet,Beaufort,,Danish,63
970,Evelin,Poff,epoffqx@ask.com,Male,Dodge,Santiago,Maroon,Czech,93
971,Petronella,Bruck,pbruckqy@pbs.org,Female,Mazda,Hualin,Green,Maltese,18
972,Bailie,Pfaff,bpfaffqz@gov.uk,Male,,Xiluodu,,,
973,Shelly,Houlaghan,shoulaghanr0@lulu.com,Female,Plymouth,Koubia,Crimson,Italian,38
974,Delly,Skitch,,Non-binary,Audi,Sambogunung,Puce,Amharic,58
975,Alena,Skelhorn,askelhornr2@eepurl.com,Female,Nissan,Pasongsongan,,Bengali,28
976,Chaim,MacNish,cmacnishr3@stumbleupon.com,Male,,Huanshan,Yellow,,
977,Concordia,Donizeau,cdonizeaur4@unicef.org,Female,Mercedes-Benz,Zdiby,Puce,Swati,47
978,Skippy,Van den Oord,svandenoordr5@blogtalkradio.com,Male,,Xi’an,Teal,,
979,Miran,Pearn,mpearnr6@xinhuanet.com,Female,,Słońsk,Red,,
980,Margarita,Bordman,,Female,,Sudislavl’,Blue,,
981,Damien,Calvey,dcalveyr8@rakuten.co.jp,Genderfluid,Mercedes-Benz,Ducheng,Green,Telugu,93
982,Katharyn,Aldersley,kaldersleyr9@yelp.com,Female,Saturn,Zhulan,Crimson,Aymara,45
983,Tadeas,Gatherer,tgathererra@slate.com,Male,Porsche,Cumanacoa,Blue,Bulgarian,97
984,Thaddus,Monery,tmoneryrb@barnesandnoble.com,Male,GMC,Burnaby,Indigo,Bislama,28
985,Raeann,Atwater,ratwaterrc@ibm.com,Female,Mazda,Agpangi,Turquoise,Chinese,51
986,Rand,Plowman,rplowmanrd@mapquest.com,Male,,Huaizhong,Pink,,
987,Duffie,Phillipson,,Male,Acura,Romanovo,,Kannada,55
988,Hamlen,Berzin,hberzinrf@wired.com,Male,,Biskamzha,Khaki,,
989,Piotr,Flook,pflookrg@nifty.com,Male,Lamborghini,Jinghai,Maroon,Belarusian,58
990,Maribel,Codrington,mcodringtonrh@aboutads.info,Female,,Gucheng,,,
991,Brodie,Beedle,bbeedleri@weibo.com,Male,,Shangganshan,Maroon,,
992,Reese,Ysson,,Male,,Rosario de Lerma,Pink,,
993,Rey,Crabb,rcrabbrk@berkeley.edu,Male,Honda,Stockholm,Indigo,English,74
994,Conant,Erington,,Male,,Zharkovskiy,Blue,,
995,Silvain,Doelle,sdoellerm@comsenz.com,Male,,San Matías,Khaki,,
996,Torre,Cockhill,tcockhillrn@csmonitor.com,Male,,Gândara,,,
997,Odelia,Giorio,ogiorioro@newsvine.com,Female,,Narva,,,
998,Averell,Gaymar,agaymarrp@amazon.co.uk,Male,Volkswagen,Yamoto,,Norwegian,41
999,Lynde,Curzon,lcurzonrq@psu.edu,Female,Volkswagen,Staré Hradiště,Khaki,Oriya,19
1000,Klarika,MacGrath,kmacgrathrr@fastcompany.com,Female,Ford,Dungarvan,Puce,Norwegian,63
